* installing *source* package ‘rxode2lincmt’ ...
** this is package ‘rxode2lincmt’ version ‘0.1.0’
** package ‘rxode2lincmt’ successfully unpacked and MD5 sums checked
** using staged installation
--------[begin src/Makevars]--------
# -*- mode: makefile-gmake -*-
BH=/usr/local/lib/R/site-library/BH/include
RCPP=/usr/local/lib/R/site-library/Rcpp/include
EG=/usr/local/lib/R/site-library/RcppEigen/include
SH=-isystem'/usr/local/lib/R/site-library/RcppParallel/include' -D_REENTRANT -DSTAN_THREADS -DTBB_INTERFACE_NEW -isystem'/usr/local/lib/R/site-library/StanHeaders/include' -isystem'/usr/local/lib/R/site-library/StanHeaders/include/src'
CXX_STD = CXX17
################################################################################
## Package library flags.
PKG_LIBS    = $(SHLIB_OPENMP_CXXFLAGS)

# Same optimization and Stan/Eigen defines as rxode2 had, so the moved
# kernels produce bitwise identical results.
PKG_CFLAGS  = -O3 -fno-math-errno -mtune=native 
PKG_CXXFLAGS = -O3 -fno-math-errno -mtune=native  $(SHLIB_OPENMP_CXXFLAGS) -DBOOST_DISABLE_ASSERTS -DBOOST_PHOENIX_NO_VARIADIC_EXPRESSION -D_HAS_AUTO_PTR_ETC=0 -D_REENTRANT -include lcStanCompat.h -isystem"$(BH)" -isystem"$(EG)" $(SH) -isystem"$(RCPP)" -DEIGEN_DONT_PARALLELIZE
--------[end src/Makevars]--------
** libs
specified C++17
using C compiler: ‘aarch64-linux-gnu-gcc (Ubuntu 15.2.0-16ubuntu1) 15.2.0’
using C++ compiler: ‘aarch64-linux-gnu-g++ (Ubuntu 15.2.0-16ubuntu1) 15.2.0’
using C++17
aarch64-linux-gnu-g++ -std=gnu++17 -I"/usr/share/R/include" -DNDEBUG  -I'/usr/local/lib/R/site-library/Rcpp/include' -I'/usr/local/lib/R/site-library/RcppEigen/include' -I'/usr/local/lib/R/site-library/StanHeaders/include' -I'/usr/local/lib/R/site-library/BH/include' -I'/usr/local/lib/R/site-library/RcppParallel/include'    -O3 -fno-math-errno -mtune=native  -fopenmp -DBOOST_DISABLE_ASSERTS -DBOOST_PHOENIX_NO_VARIADIC_EXPRESSION -D_HAS_AUTO_PTR_ETC=0 -D_REENTRANT -include lcStanCompat.h -isystem"/usr/local/lib/R/site-library/BH/include" -isystem"/usr/local/lib/R/site-library/RcppEigen/include" -isystem'/usr/local/lib/R/site-library/RcppParallel/include' -D_REENTRANT -DSTAN_THREADS -DTBB_INTERFACE_NEW -isystem'/usr/local/lib/R/site-library/StanHeaders/include' -isystem'/usr/local/lib/R/site-library/StanHeaders/include/src' -isystem"/usr/local/lib/R/site-library/Rcpp/include" -DEIGEN_DONT_PARALLELIZE -fPIC  -g -O2 -fno-omit-frame-pointer -mno-omit-leaf-frame-pointer -ffile-prefix-map=/build/r-base-G8rfbz/r-base-4.6.1=. -fstack-protector-strong -fstack-clash-protection -Wformat -Werror=format-security -mbranch-protection=standard -fdebug-prefix-map=/build/r-base-G8rfbz/r-base-4.6.1=/usr/src/r-base-4.6.1-6.2604.0 -Wdate-time -D_FORTIFY_SOURCE=3   -c RcppExports.cpp -o RcppExports.o
aarch64-linux-gnu-gcc -I"/usr/share/R/include" -DNDEBUG  -I'/usr/local/lib/R/site-library/Rcpp/include' -I'/usr/local/lib/R/site-library/RcppEigen/include' -I'/usr/local/lib/R/site-library/StanHeaders/include' -I'/usr/local/lib/R/site-library/BH/include' -I'/usr/local/lib/R/site-library/RcppParallel/include'    -O3 -fno-math-errno -mtune=native  -fPIC  -g -O2 -fno-omit-frame-pointer -mno-omit-leaf-frame-pointer -ffile-prefix-map=/build/r-base-G8rfbz/r-base-4.6.1=. -fstack-protector-strong -fstack-clash-protection -Wformat -Werror=format-security -mbranch-protection=standard -fdebug-prefix-map=/build/r-base-G8rfbz/r-base-4.6.1=/usr/src/r-base-4.6.1-6.2604.0 -Wdate-time -D_FORTIFY_SOURCE=3  -c host.c -o host.o
aarch64-linux-gnu-gcc -I"/usr/share/R/include" -DNDEBUG  -I'/usr/local/lib/R/site-library/Rcpp/include' -I'/usr/local/lib/R/site-library/RcppEigen/include' -I'/usr/local/lib/R/site-library/StanHeaders/include' -I'/usr/local/lib/R/site-library/BH/include' -I'/usr/local/lib/R/site-library/RcppParallel/include'    -O3 -fno-math-errno -mtune=native  -fPIC  -g -O2 -fno-omit-frame-pointer -mno-omit-leaf-frame-pointer -ffile-prefix-map=/build/r-base-G8rfbz/r-base-4.6.1=. -fstack-protector-strong -fstack-clash-protection -Wformat -Werror=format-security -mbranch-protection=standard -fdebug-prefix-map=/build/r-base-G8rfbz/r-base-4.6.1=/usr/src/r-base-4.6.1-6.2604.0 -Wdate-time -D_FORTIFY_SOURCE=3  -c init.c -o init.o
aarch64-linux-gnu-g++ -std=gnu++17 -I"/usr/share/R/include" -DNDEBUG  -I'/usr/local/lib/R/site-library/Rcpp/include' -I'/usr/local/lib/R/site-library/RcppEigen/include' -I'/usr/local/lib/R/site-library/StanHeaders/include' -I'/usr/local/lib/R/site-library/BH/include' -I'/usr/local/lib/R/site-library/RcppParallel/include'    -O3 -fno-math-errno -mtune=native  -fopenmp -DBOOST_DISABLE_ASSERTS -DBOOST_PHOENIX_NO_VARIADIC_EXPRESSION -D_HAS_AUTO_PTR_ETC=0 -D_REENTRANT -include lcStanCompat.h -isystem"/usr/local/lib/R/site-library/BH/include" -isystem"/usr/local/lib/R/site-library/RcppEigen/include" -isystem'/usr/local/lib/R/site-library/RcppParallel/include' -D_REENTRANT -DSTAN_THREADS -DTBB_INTERFACE_NEW -isystem'/usr/local/lib/R/site-library/StanHeaders/include' -isystem'/usr/local/lib/R/site-library/StanHeaders/include/src' -isystem"/usr/local/lib/R/site-library/Rcpp/include" -DEIGEN_DONT_PARALLELIZE -fPIC  -g -O2 -fno-omit-frame-pointer -mno-omit-leaf-frame-pointer -ffile-prefix-map=/build/r-base-G8rfbz/r-base-4.6.1=. -fstack-protector-strong -fstack-clash-protection -Wformat -Werror=format-security -mbranch-protection=standard -fdebug-prefix-map=/build/r-base-G8rfbz/r-base-4.6.1=/usr/src/r-base-4.6.1-6.2604.0 -Wdate-time -D_FORTIFY_SOURCE=3   -c linCmt.cpp -o linCmt.o
In file included from /usr/local/lib/R/site-library/BH/include/boost/math/special_functions/hypergeometric_pFq.hpp:11,
                 from /usr/local/lib/R/site-library/StanHeaders/include/stan/math/prim/fun/hypergeometric_pFq.hpp:9,
                 from /usr/local/lib/R/site-library/StanHeaders/include/stan/math/prim/fun/hypergeometric_2F1.hpp:19,
                 from /usr/local/lib/R/site-library/StanHeaders/include/stan/math/prim/fun/grad_2F1.hpp:14,
                 from /usr/local/lib/R/site-library/StanHeaders/include/stan/math/prim/fun.hpp:118,
                 from /usr/local/lib/R/site-library/StanHeaders/include/stan/math/prim/constraint.hpp:4,
                 from /usr/local/lib/R/site-library/StanHeaders/include/stan/math/rev/constraint.hpp:24,
                 from /usr/local/lib/R/site-library/StanHeaders/include/stan/math/rev.hpp:11,
                 from /usr/local/lib/R/site-library/StanHeaders/include/stan/math.hpp:19,
                 from macros2micros.h:8,
                 from linCmt.h:4,
                 from linCmt.cpp:11:
/usr/local/lib/R/site-library/BH/include/boost/math/special_functions/detail/hypergeometric_pFq_checked_series.hpp: In instantiation of ‘std::pair<_ForwardIterator, _ForwardIterator> boost::math::detail::hypergeometric_pFq_checked_series_impl(const Seq&, const Seq&, const Real&, const Policy&, const Terminal&, long long int&) [with Seq = Eigen::Map<Eigen::Matrix<double, -1, 1>, 0, Eigen::Stride<0, 0> >; Real = long double; Policy = boost::math::policies::policy<boost::math::policies::default_policy, boost::math::policies::default_policy, boost::math::policies::default_policy, boost::math::policies::default_policy, boost::math::policies::default_policy, boost::math::policies::default_policy, boost::math::policies::default_policy, boost::math::policies::default_policy, boost::math::policies::default_policy, boost::math::policies::default_policy, boost::math::policies::default_policy>; Terminal = iteration_terminator]’:
/usr/local/lib/R/site-library/BH/include/boost/math/special_functions/hypergeometric_pFq.hpp:61:107:   required from ‘typename boost::math::tools::promote_args<Real, typename Seq::value_type>::type boost::math::hypergeometric_pFq(const Seq&, const Seq&, const Real&, Real*, const Policy&) [with Seq = Eigen::Map<Eigen::Matrix<double, -1, 1>, 0, Eigen::Stride<0, 0> >; Real = double; Policy = policies::policy<policies::default_policy, policies::default_policy, policies::default_policy, policies::default_policy, policies::default_policy, policies::default_policy, policies::default_policy, policies::default_policy, policies::default_policy, policies::default_policy, policies::default_policy>; typename tools::promote_args<Real, typename Seq::value_type>::type = double; typename Seq::value_type = double]’
   61 |          std::pair<value_type, value_type> r = boost::math::detail::hypergeometric_pFq_checked_series_impl(aj, bj, value_type(z), pol, boost::math::detail::iteration_terminator(boost::math::policies::get_max_series_iterations<forwarding_policy>()), scale);
      |                                                ~~~~~~~~~~~~~~~~~~~~~~~~~~~~~~~~~~~~~~~~~~~~~~~~~~~~~~~~~~~^~~~~~~~~~~~~~~~~~~~~~~~~~~~~~~~~~~~~~~~~~~~~~~~~~~~~~~~~~~~~~~~~~~~~~~~~~~~~~~~~~~~~~~~~~~~~~~~~~~~~~~~~~~~~~~~~~~~~~~~~~~~~~~~~~~~~~~~~~~~~~~~~~~~~
/usr/local/lib/R/site-library/BH/include/boost/math/special_functions/hypergeometric_pFq.hpp:72:35:   required from ‘typename boost::math::tools::promote_args<Real, typename Seq::value_type>::type boost::math::hypergeometric_pFq(const Seq&, const Seq&, const Real&, Real*) [with Seq = Eigen::Map<Eigen::Matrix<double, -1, 1>, 0, Eigen::Stride<0, 0> >; Real = double; typename tools::promote_args<Real, typename Seq::value_type>::type = double; typename Seq::value_type = double]’
   72 |          return hypergeometric_pFq(aj, bj, z, p_abs_error, boost::math::policies::policy<>());
      |                 ~~~~~~~~~~~~~~~~~~^~~~~~~~~~~~~~~~~~~~~~~~~~~~~~~~~~~~~~~~~~~~~~~~~~~~~~~~~~~
/usr/local/lib/R/site-library/StanHeaders/include/stan/math/prim/fun/hypergeometric_pFq.hpp:67:43:   required from ‘stan::return_type_t<T, L, U> stan::math::hypergeometric_pFq(Ta&&, Tb&&, Tz&&) [with Ta = Eigen::Matrix<double, -1, 1>&; Tb = Eigen::Matrix<double, -1, 1>&; Tz = const double&; stan::require_all_vector_st<std::is_arithmetic, Ta, Tb>* <anonymous> = 0; stan::require_arithmetic_t<Tz>* <anonymous> = 0; stan::return_type_t<T, L, U> = double]’
   67 |     return boost::math::hypergeometric_pFq(map_a, map_b, z);
      |            ~~~~~~~~~~~~~~~~~~~~~~~~~~~~~~~^~~~~~~~~~~~~~~~~
/usr/local/lib/R/site-library/StanHeaders/include/stan/math/prim/fun/hypergeometric_3F2.hpp:130:28:   required from ‘auto stan::math::hypergeometric_3F2(const Ta&, const Tb&, const Tz&) [with Ta = std::vector<double, std::allocator<double> >; Tb = std::vector<double, std::allocator<double> >; Tz = double; stan::require_all_vector_t<T_y, T_high>* <anonymous> = 0; stan::require_stan_scalar_t<T2>* <anonymous> = 0]’
  130 |   return hypergeometric_pFq(a_ref, b_ref, z);
      |          ~~~~~~~~~~~~~~~~~~^~~~~~~~~~~~~~~~~
/usr/local/lib/R/site-library/StanHeaders/include/stan/math/prim/fun/hypergeometric_3F2.hpp:154:28:   required from ‘auto stan::math::hypergeometric_3F2(const std::initializer_list<_Tp>&, const std::initializer_list<_Value>&, const Tz&) [with Ta = double; Tb = double; Tz = double; stan::require_all_stan_scalar_t<T, L, U>* <anonymous> = 0]’
  154 |   return hypergeometric_3F2(std::vector<Ta>(a), std::vector<Tb>(b), z);
      |          ~~~~~~~~~~~~~~~~~~^~~~~~~~~~~~~~~~~~~~~~~~~~~~~~~~~~~~~~~~~~~
/usr/local/lib/R/site-library/StanHeaders/include/stan/math/rev/fun/inv_inc_beta.hpp:80:37:   required from here
   80 |             + log(hypergeometric_3F2({a_val, a_val, one_m_b}, {ap1, ap1}, w))
      |                   ~~~~~~~~~~~~~~~~~~^~~~~~~~~~~~~~~~~~~~~~~~~~~~~~~~~~~~~~~~
/usr/local/lib/R/site-library/BH/include/boost/math/special_functions/detail/hypergeometric_pFq_checked_series.hpp:122:28: note: parameter passing for argument of type ‘std::pair<long double, long double>’ when C++17 is enabled changed to match C++14 in GCC 10.1
  122 |      std::pair<Real, Real> hypergeometric_pFq_checked_series_impl(const Seq& aj, const Seq& bj, const Real& z, const Policy& pol, const Terminal& termination, long long& log_scale)
      |                            ^~~~~~~~~~~~~~~~~~~~~~~~~~~~~~~~~~~~~~
In file included from /usr/local/lib/R/site-library/BH/include/boost/math/special_functions/factorials.hpp:17,
                 from /usr/local/lib/R/site-library/BH/include/boost/math/special_functions/binomial.hpp:16,
                 from /usr/local/lib/R/site-library/StanHeaders/include/stan/math/prim/fun/choose.hpp:7,
                 from /usr/local/lib/R/site-library/StanHeaders/include/stan/math/prim/functor/hcubature.hpp:21,
                 from /usr/local/lib/R/site-library/StanHeaders/include/stan/math/prim/functor.hpp:14,
                 from /usr/local/lib/R/site-library/StanHeaders/include/stan/math/rev/fun/to_arena.hpp:7,
                 from /usr/local/lib/R/site-library/StanHeaders/include/stan/math/rev/core/operator_division.hpp:15,
                 from /usr/local/lib/R/site-library/StanHeaders/include/stan/math/rev/core/operator_divide_equal.hpp:5,
                 from /usr/local/lib/R/site-library/StanHeaders/include/stan/math/rev/core.hpp:32,
                 from /usr/local/lib/R/site-library/StanHeaders/include/stan/math/rev/constraint/cholesky_corr_constrain.hpp:4,
                 from /usr/local/lib/R/site-library/StanHeaders/include/stan/math/rev/constraint.hpp:6:
/usr/local/lib/R/site-library/BH/include/boost/math/special_functions/gamma.hpp: In instantiation of ‘boost::math::detail::upper_incomplete_gamma_fract<T>::result_type boost::math::detail::upper_incomplete_gamma_fract<T>::operator()() [with T = double; result_type = std::pair<double, double>]’:
/usr/local/lib/R/site-library/BH/include/boost/math/tools/fraction.hpp:259:20:   required from ‘typename boost::math::tools::detail::fraction_traits<Gen>::result_type boost::math::tools::detail::continued_fraction_a_impl(Gen&, const U&, uintmax_t&) [with Gen = boost::math::detail::upper_incomplete_gamma_fract<double>; U = double; typename fraction_traits<Gen>::result_type = double; uintmax_t = long unsigned int]’
  259 |    value_type v = g();
      |                   ~^~
/usr/local/lib/R/site-library/BH/include/boost/math/tools/fraction.hpp:311:44:   required from ‘typename boost::math::tools::detail::fraction_traits<Gen>::result_type boost::math::tools::continued_fraction_a(Gen&, const U&) [with Gen = boost::math::detail::upper_incomplete_gamma_fract<double>; U = double; typename detail::fraction_traits<Gen>::result_type = double]’
  311 |    return detail::continued_fraction_a_impl(g, factor, max_iter);
      |           ~~~~~~~~~~~~~~~~~~~~~~~~~~~~~~~~~^~~~~~~~~~~~~~~~~~~~~
/usr/local/lib/R/site-library/BH/include/boost/math/special_functions/gamma.hpp:403:68:   required from ‘T boost::math::detail::upper_gamma_fraction(T, T, T) [with T = double]’
  403 |    return 1 / (z - a + 1 + boost::math::tools::continued_fraction_a(f, eps));
      |                            ~~~~~~~~~~~~~~~~~~~~~~~~~~~~~~~~~~~~~~~~^~~~~~~~
/usr/local/lib/R/site-library/BH/include/boost/math/special_functions/gamma.hpp:1708:44:   required from ‘T boost::math::detail::gamma_incomplete_imp(T, T, bool, bool, const Policy&, T*) [with T = double; Policy = boost::math::policies::policy<boost::math::policies::pole_error<boost::math::policies::errno_on_error>, boost::math::policies::overflow_error<boost::math::policies::errno_on_error>, boost::math::policies::promote_float<false>, boost::math::policies::promote_double<false>, boost::math::policies::default_policy, boost::math::policies::default_policy, boost::math::policies::default_policy, boost::math::policies::default_policy, boost::math::policies::default_policy, boost::math::policies::default_policy, boost::math::policies::default_policy, boost::math::policies::default_policy, boost::math::policies::default_policy>]’
 1708 |          result += log(upper_gamma_fraction(a, x, policies::get_epsilon<T, Policy>()));
      |                        ~~~~~~~~~~~~~~~~~~~~^~~~~~~~~~~~~~~~~~~~~~~~~~~~~~~~~~~~~~~~~~
/usr/local/lib/R/site-library/BH/include/boost/math/special_functions/gamma.hpp:2412:35:   required from ‘boost::math::tools::promote_args_t<RT1, RT2> boost::math::gamma_p(RT1, RT2, const Policy&) [with RT1 = double; RT2 = double; Policy = policies::policy<policies::overflow_error<boost::math::policies::errno_on_error>, policies::pole_error<boost::math::policies::errno_on_error>, policies::promote_double<false>, policies::digits2<0>, policies::default_policy, policies::default_policy, policies::default_policy, policies::default_policy, policies::default_policy, policies::default_policy, policies::default_policy, policies::default_policy, policies::default_policy>; tools::promote_args_t<RT1, RT2> = double]’
 2412 |       detail::gamma_incomplete_imp(static_cast<value_type>(a),
      |       ~~~~~~~~~~~~~~~~~~~~~~~~~~~~^~~~~~~~~~~~~~~~~~~~~~~~~~~~
 2413 |       static_cast<value_type>(z), true, false,
      |       ~~~~~~~~~~~~~~~~~~~~~~~~~~~~~~~~~~~~~~~~
 2414 |       forwarding_policy(), static_cast<value_type*>(nullptr)), "gamma_p<%1%>(%1%, %1%)");
      |       ~~~~~~~~~~~~~~~~~~~~~~~~~~~~~~~~~~~~~~~~~~~~~~~~~~~~~~~
/usr/local/lib/R/site-library/StanHeaders/include/stan/math/prim/fun/gamma_p.hpp:76:30:   required from here
   76 |   return boost::math::gamma_p(z, a, boost_policy_t<>());
      |          ~~~~~~~~~~~~~~~~~~~~^~~~~~~~~~~~~~~~~~~~~~~~~~
/usr/local/lib/R/site-library/BH/include/boost/math/special_functions/gamma.hpp:388:39: note: parameter passing for argument of type ‘std::pair<double, double>’ when C++17 is enabled changed to match C++14 in GCC 10.1
  388 |    BOOST_MATH_GPU_ENABLED result_type operator()()
      |                                       ^~~~~~~~
In file included from /usr/local/lib/R/site-library/StanHeaders/include/stan/math/prim/fun/owens_t.hpp:6,
                 from /usr/local/lib/R/site-library/StanHeaders/include/stan/math/prim/fun.hpp:239:
/usr/local/lib/R/site-library/BH/include/boost/math/special_functions/owens_t.hpp: In instantiation of ‘std::pair<_FIter, _FIter> boost::math::detail::owens_t_T1_accelerated(T, T, const Policy&) [with T = long double; Policy = boost::math::policies::policy<boost::math::policies::default_policy, boost::math::policies::default_policy, boost::math::policies::default_policy, boost::math::policies::default_policy, boost::math::policies::default_policy, boost::math::policies::default_policy, boost::math::policies::default_policy, boost::math::policies::default_policy, boost::math::policies::default_policy, boost::math::policies::default_policy, boost::math::policies::default_policy>]’:
/usr/local/lib/R/site-library/BH/include/boost/math/special_functions/owens_t.hpp:886:46:   required from ‘RealType boost::math::detail::owens_t_dispatch(RealType, RealType, RealType, const Policy&, const std::integral_constant<int, 65>&) [with RealType = long double; Policy = boost::math::policies::policy<boost::math::policies::default_policy, boost::math::policies::default_policy, boost::math::policies::default_policy, boost::math::policies::default_policy, boost::math::policies::default_policy, boost::math::policies::default_policy, boost::math::policies::default_policy, boost::math::policies::default_policy, boost::math::policies::default_policy, boost::math::policies::default_policy, boost::math::policies::default_policy>]’
  886 |                   p1 = owens_t_T1_accelerated(h, a, forwarding_policy());
      |                        ~~~~~~~~~~~~~~~~~~~~~~^~~~~~~~~~~~~~~~~~~~~~~~~~~
/usr/local/lib/R/site-library/BH/include/boost/math/special_functions/owens_t.hpp:991:36:   required from ‘RealType boost::math::detail::owens_t_dispatch(RealType, RealType, RealType, const Policy&) [with RealType = long double; Policy = boost::math::policies::policy<boost::math::policies::default_policy, boost::math::policies::default_policy, boost::math::policies::default_policy, boost::math::policies::default_policy, boost::math::policies::default_policy, boost::math::policies::default_policy, boost::math::policies::default_policy, boost::math::policies::default_policy, boost::math::policies::default_policy, boost::math::policies::default_policy, boost::math::policies::default_policy>]’
  991 |             return owens_t_dispatch(h, a, ah, pol, tag_type());
      |                    ~~~~~~~~~~~~~~~~^~~~~~~~~~~~~~~~~~~~~~~~~~~
/usr/local/lib/R/site-library/BH/include/boost/math/special_functions/owens_t.hpp:1012:38:   required from ‘RealType boost::math::detail::owens_t(RealType, RealType, const Policy&) [with RealType = long double; Policy = boost::math::policies::policy<boost::math::policies::default_policy, boost::math::policies::default_policy, boost::math::policies::default_policy, boost::math::policies::default_policy, boost::math::policies::default_policy, boost::math::policies::default_policy, boost::math::policies::default_policy, boost::math::policies::default_policy, boost::math::policies::default_policy, boost::math::policies::default_policy, boost::math::policies::default_policy>]’
 1012 |                val = owens_t_dispatch(h, fabs_a, fabs_ah, pol);
      |                      ~~~~~~~~~~~~~~~~^~~~~~~~~~~~~~~~~~~~~~~~~
/usr/local/lib/R/site-library/BH/include/boost/math/special_functions/owens_t.hpp:1049:86:   required from ‘boost::math::tools::promote_args_t<RT1, RT2> boost::math::owens_t(T1, T2, const Policy&) [with T1 = double; T2 = double; Policy = policies::policy<policies::default_policy, policies::default_policy, policies::default_policy, policies::default_policy, policies::default_policy, policies::default_policy, policies::default_policy, policies::default_policy, policies::default_policy, policies::default_policy, policies::default_policy>; tools::promote_args_t<RT1, RT2> = double]’
 1049 |          return policies::checked_narrowing_cast<result_type, Policy>(detail::owens_t(static_cast<value_type>(h), static_cast<value_type>(a), pol), "boost::math::owens_t<%1%>(%1%,%1%)");
      |                                                                       ~~~~~~~~~~~~~~~^~~~~~~~~~~~~~~~~~~~~~~~~~~~~~~~~~~~~~~~~~~~~~~~~~~~~~~~~~~~~
/usr/local/lib/R/site-library/BH/include/boost/math/special_functions/owens_t.hpp:1055:24:   required from ‘boost::math::tools::promote_args_t<RT1, RT2> boost::math::owens_t(T1, T2) [with T1 = double; T2 = double; tools::promote_args_t<RT1, RT2> = double]’
 1055 |          return owens_t(h, a, policies::policy<>());
      |                 ~~~~~~~^~~~~~~~~~~~~~~~~~~~~~~~~~~~
/usr/local/lib/R/site-library/StanHeaders/include/stan/math/prim/fun/owens_t.hpp:62:30:   required from here
   62 |   return boost::math::owens_t(h, a);
      |          ~~~~~~~~~~~~~~~~~~~~^~~~~~
/usr/local/lib/R/site-library/BH/include/boost/math/special_functions/owens_t.hpp:558:26: note: parameter passing for argument of type ‘std::pair<long double, long double>’ when C++17 is enabled changed to match C++14 in GCC 10.1
  558 |          std::pair<T, T> owens_t_T1_accelerated(T h, T a, const Policy& pol)
      |                          ^~~~~~~~~~~~~~~~~~~~~~
In file included from /usr/local/lib/R/site-library/BH/include/boost/math/special_functions/binomial.hpp:17:
/usr/local/lib/R/site-library/BH/include/boost/math/special_functions/beta.hpp: In instantiation of ‘boost::math::detail::ibeta_fraction2_t<T>::result_type boost::math::detail::ibeta_fraction2_t<T>::operator()() [with T = double; result_type = std::pair<double, double>]’:
/usr/local/lib/R/site-library/BH/include/boost/math/tools/fraction.hpp:134:20:   required from ‘typename boost::math::tools::detail::fraction_traits<Gen>::result_type boost::math::tools::detail::continued_fraction_b_impl(Gen&, const U&, uintmax_t&) [with Gen = boost::math::detail::ibeta_fraction2_t<double>; U = double; typename fraction_traits<Gen>::result_type = double; uintmax_t = long unsigned int]’
  134 |    value_type v = g();
      |                   ~^~
/usr/local/lib/R/site-library/BH/include/boost/math/tools/fraction.hpp:172:44:   required from ‘typename boost::math::tools::detail::fraction_traits<Gen>::result_type boost::math::tools::continued_fraction_b(Gen&, const U&, uintmax_t&) [with Gen = boost::math::detail::ibeta_fraction2_t<double>; U = double; typename detail::fraction_traits<Gen>::result_type = double; uintmax_t = long unsigned int]’
  172 |    return detail::continued_fraction_b_impl(g, factor, max_terms);
      |           ~~~~~~~~~~~~~~~~~~~~~~~~~~~~~~~~~^~~~~~~~~~~~~~~~~~~~~~
/usr/local/lib/R/site-library/BH/include/boost/math/special_functions/beta.hpp:860:54:   required from ‘T boost::math::detail::ibeta_fraction2(T, T, T, T, const Policy&, bool, T*) [with T = double; Policy = boost::math::policies::policy<boost::math::policies::pole_error<boost::math::policies::errno_on_error>, boost::math::policies::overflow_error<boost::math::policies::errno_on_error>, boost::math::policies::promote_float<false>, boost::math::policies::promote_double<false>, boost::math::policies::default_policy, boost::math::policies::default_policy, boost::math::policies::default_policy, boost::math::policies::default_policy, boost::math::policies::default_policy, boost::math::policies::default_policy, boost::math::policies::default_policy, boost::math::policies::default_policy, boost::math::policies::default_policy>]’
  860 |    T fract = boost::math::tools::continued_fraction_b(f, boost::math::policies::get_epsilon<T, Policy>(), max_terms);
      |              ~~~~~~~~~~~~~~~~~~~~~~~~~~~~~~~~~~~~~~~~^~~~~~~~~~~~~~~~~~~~~~~~~~~~~~~~~~~~~~~~~~~~~~~~~~~~~~~~~~~~~~~
/usr/local/lib/R/site-library/BH/include/boost/math/special_functions/beta.hpp:1567:36:   required from ‘T boost::math::detail::ibeta_imp(T, T, T, const Policy&, bool, bool, T*) [with T = double; Policy = boost::math::policies::policy<boost::math::policies::pole_error<boost::math::policies::errno_on_error>, boost::math::policies::overflow_error<boost::math::policies::errno_on_error>, boost::math::policies::promote_float<false>, boost::math::policies::promote_double<false>, boost::math::policies::default_policy, boost::math::policies::default_policy, boost::math::policies::default_policy, boost::math::policies::default_policy, boost::math::policies::default_policy, boost::math::policies::default_policy, boost::math::policies::default_policy, boost::math::policies::default_policy, boost::math::policies::default_policy>]’
 1567 |             fract = ibeta_fraction2(a, b, x, y, pol, normalised, p_derivative);
      |                     ~~~~~~~~~~~~~~~^~~~~~~~~~~~~~~~~~~~~~~~~~~~~~~~~~~~~~~~~~~
/usr/local/lib/R/site-library/BH/include/boost/math/special_functions/beta.hpp:1634:20:   required from ‘T boost::math::detail::ibeta_imp(T, T, T, const Policy&, bool, bool) [with T = double; Policy = boost::math::policies::policy<boost::math::policies::pole_error<boost::math::policies::errno_on_error>, boost::math::policies::overflow_error<boost::math::policies::errno_on_error>, boost::math::policies::promote_float<false>, boost::math::policies::promote_double<false>, boost::math::policies::default_policy, boost::math::policies::default_policy, boost::math::policies::default_policy, boost::math::policies::default_policy, boost::math::policies::default_policy, boost::math::policies::default_policy, boost::math::policies::default_policy, boost::math::policies::default_policy, boost::math::policies::default_policy>]’
 1634 |    return ibeta_imp(a, b, x, pol, inv, normalised, static_cast<T*>(nullptr));
      |           ~~~~~~~~~^~~~~~~~~~~~~~~~~~~~~~~~~~~~~~~~~~~~~~~~~~~~~~~~~~~~~~~~~
/usr/local/lib/R/site-library/BH/include/boost/math/special_functions/beta.hpp:1788:93:   required from ‘boost::math::tools::promote_args_t<RT1, RT2, A> boost::math::ibeta(RT1, RT2, RT3, const Policy&) [with RT1 = double; RT2 = double; RT3 = double; Policy = policies::policy<policies::overflow_error<boost::math::policies::errno_on_error>, policies::pole_error<boost::math::policies::errno_on_error>, policies::promote_double<false>, policies::digits2<0>, policies::default_policy, policies::default_policy, policies::default_policy, policies::default_policy, policies::default_policy, policies::default_policy, policies::default_policy, policies::default_policy, policies::default_policy>; tools::promote_args_t<RT1, RT2, A> = double]’
 1788 |    return policies::checked_narrowing_cast<result_type, forwarding_policy>(detail::ibeta_imp(static_cast<value_type>(a), static_cast<value_type>(b), static_cast<value_type>(x), forwarding_policy(), false, true), "boost::math::ibeta<%1%>(%1%,%1%,%1%)");
      |                                                                            ~~~~~~~~~~~~~~~~~^~~~~~~~~~~~~~~~~~~~~~~~~~~~~~~~~~~~~~~~~~~~~~~~~~~~~~~~~~~~~~~~~~~~~~~~~~~~~~~~~~~~~~~~~~~~~~~~~~~~~~~~~~~~~~~~~~~~~~
/usr/local/lib/R/site-library/StanHeaders/include/stan/math/prim/fun/inc_beta.hpp:29:28:   required from here
   29 |   return boost::math::ibeta(a, b, x, boost_policy_t<>());
      |          ~~~~~~~~~~~~~~~~~~^~~~~~~~~~~~~~~~~~~~~~~~~~~~~
/usr/local/lib/R/site-library/BH/include/boost/math/special_functions/beta.hpp:823:39: note: parameter passing for argument of type ‘std::pair<double, double>’ when C++17 is enabled changed to match C++14 in GCC 10.1
  823 |    BOOST_MATH_GPU_ENABLED result_type operator()()
      |                                       ^~~~~~~~
/usr/local/lib/R/site-library/BH/include/boost/math/special_functions/hypergeometric_pFq.hpp: In function ‘typename boost::math::tools::promote_args<Real, typename Seq::value_type>::type boost::math::hypergeometric_pFq(const Seq&, const Seq&, const Real&, Real*, const Policy&) [with Seq = Eigen::Map<Eigen::Matrix<double, -1, 1>, 0, Eigen::Stride<0, 0> >; Real = double; Policy = policies::policy<policies::default_policy, policies::default_policy, policies::default_policy, policies::default_policy, policies::default_policy, policies::default_policy, policies::default_policy, policies::default_policy, policies::default_policy, policies::default_policy, policies::default_policy>]’:
/usr/local/lib/R/site-library/BH/include/boost/math/special_functions/hypergeometric_pFq.hpp:61:44: note: parameter passing for argument of type ‘std::pair<long double, long double>’ when C++17 is enabled changed to match C++14 in GCC 10.1
   61 |          std::pair<value_type, value_type> r = boost::math::detail::hypergeometric_pFq_checked_series_impl(aj, bj, value_type(z), pol, boost::math::detail::iteration_terminator(boost::math::policies::get_max_series_iterations<forwarding_policy>()), scale);
      |                                            ^
linCmt.h: In member function ‘void stan::math::linCmtStan::linCmtStan3ssInf(const Eigen::Matrix<Type, -1, 2>&, T, Eigen::Matrix<Type, -1, 1>&) const [with T = stan::math::dualN<7>]’:
linCmt.h:1636:7: note: variable tracking size limit exceeded with ‘-fvar-tracking-assignments’, retrying without
 1636 |       linCmtStan3ssInf(const Eigen::Matrix<T, Eigen::Dynamic, 2>& g,
      |       ^~~~~~~~~~~~~~~~
aarch64-linux-gnu-g++ -std=gnu++17 -I"/usr/share/R/include" -DNDEBUG  -I'/usr/local/lib/R/site-library/Rcpp/include' -I'/usr/local/lib/R/site-library/RcppEigen/include' -I'/usr/local/lib/R/site-library/StanHeaders/include' -I'/usr/local/lib/R/site-library/BH/include' -I'/usr/local/lib/R/site-library/RcppParallel/include'    -O3 -fno-math-errno -mtune=native  -fopenmp -DBOOST_DISABLE_ASSERTS -DBOOST_PHOENIX_NO_VARIADIC_EXPRESSION -D_HAS_AUTO_PTR_ETC=0 -D_REENTRANT -include lcStanCompat.h -isystem"/usr/local/lib/R/site-library/BH/include" -isystem"/usr/local/lib/R/site-library/RcppEigen/include" -isystem'/usr/local/lib/R/site-library/RcppParallel/include' -D_REENTRANT -DSTAN_THREADS -DTBB_INTERFACE_NEW -isystem'/usr/local/lib/R/site-library/StanHeaders/include' -isystem'/usr/local/lib/R/site-library/StanHeaders/include/src' -isystem"/usr/local/lib/R/site-library/Rcpp/include" -DEIGEN_DONT_PARALLELIZE -fPIC  -g -O2 -fno-omit-frame-pointer -mno-omit-leaf-frame-pointer -ffile-prefix-map=/build/r-base-G8rfbz/r-base-4.6.1=. -fstack-protector-strong -fstack-clash-protection -Wformat -Werror=format-security -mbranch-protection=standard -fdebug-prefix-map=/build/r-base-G8rfbz/r-base-4.6.1=/usr/src/r-base-4.6.1-6.2604.0 -Wdate-time -D_FORTIFY_SOURCE=3   -c macros2micros.cpp -o macros2micros.o
In file included from /usr/local/lib/R/site-library/BH/include/boost/math/special_functions/hypergeometric_pFq.hpp:11,
                 from /usr/local/lib/R/site-library/StanHeaders/include/stan/math/prim/fun/hypergeometric_pFq.hpp:9,
                 from /usr/local/lib/R/site-library/StanHeaders/include/stan/math/prim/fun/hypergeometric_2F1.hpp:19,
                 from /usr/local/lib/R/site-library/StanHeaders/include/stan/math/prim/fun/grad_2F1.hpp:14,
                 from /usr/local/lib/R/site-library/StanHeaders/include/stan/math/prim/fun.hpp:118,
                 from /usr/local/lib/R/site-library/StanHeaders/include/stan/math/prim/constraint.hpp:4,
                 from /usr/local/lib/R/site-library/StanHeaders/include/stan/math/rev/constraint.hpp:24,
                 from /usr/local/lib/R/site-library/StanHeaders/include/stan/math/rev.hpp:11,
                 from /usr/local/lib/R/site-library/StanHeaders/include/stan/math.hpp:19,
                 from macros2micros.cpp:7:
/usr/local/lib/R/site-library/BH/include/boost/math/special_functions/detail/hypergeometric_pFq_checked_series.hpp: In instantiation of ‘std::pair<_ForwardIterator, _ForwardIterator> boost::math::detail::hypergeometric_pFq_checked_series_impl(const Seq&, const Seq&, const Real&, const Policy&, const Terminal&, long long int&) [with Seq = Eigen::Map<Eigen::Matrix<double, -1, 1>, 0, Eigen::Stride<0, 0> >; Real = long double; Policy = boost::math::policies::policy<boost::math::policies::default_policy, boost::math::policies::default_policy, boost::math::policies::default_policy, boost::math::policies::default_policy, boost::math::policies::default_policy, boost::math::policies::default_policy, boost::math::policies::default_policy, boost::math::policies::default_policy, boost::math::policies::default_policy, boost::math::policies::default_policy, boost::math::policies::default_policy>; Terminal = iteration_terminator]’:
/usr/local/lib/R/site-library/BH/include/boost/math/special_functions/hypergeometric_pFq.hpp:61:107:   required from ‘typename boost::math::tools::promote_args<Real, typename Seq::value_type>::type boost::math::hypergeometric_pFq(const Seq&, const Seq&, const Real&, Real*, const Policy&) [with Seq = Eigen::Map<Eigen::Matrix<double, -1, 1>, 0, Eigen::Stride<0, 0> >; Real = double; Policy = policies::policy<policies::default_policy, policies::default_policy, policies::default_policy, policies::default_policy, policies::default_policy, policies::default_policy, policies::default_policy, policies::default_policy, policies::default_policy, policies::default_policy, policies::default_policy>; typename tools::promote_args<Real, typename Seq::value_type>::type = double; typename Seq::value_type = double]’
   61 |          std::pair<value_type, value_type> r = boost::math::detail::hypergeometric_pFq_checked_series_impl(aj, bj, value_type(z), pol, boost::math::detail::iteration_terminator(boost::math::policies::get_max_series_iterations<forwarding_policy>()), scale);
      |                                                ~~~~~~~~~~~~~~~~~~~~~~~~~~~~~~~~~~~~~~~~~~~~~~~~~~~~~~~~~~~^~~~~~~~~~~~~~~~~~~~~~~~~~~~~~~~~~~~~~~~~~~~~~~~~~~~~~~~~~~~~~~~~~~~~~~~~~~~~~~~~~~~~~~~~~~~~~~~~~~~~~~~~~~~~~~~~~~~~~~~~~~~~~~~~~~~~~~~~~~~~~~~~~~~~
/usr/local/lib/R/site-library/BH/include/boost/math/special_functions/hypergeometric_pFq.hpp:72:35:   required from ‘typename boost::math::tools::promote_args<Real, typename Seq::value_type>::type boost::math::hypergeometric_pFq(const Seq&, const Seq&, const Real&, Real*) [with Seq = Eigen::Map<Eigen::Matrix<double, -1, 1>, 0, Eigen::Stride<0, 0> >; Real = double; typename tools::promote_args<Real, typename Seq::value_type>::type = double; typename Seq::value_type = double]’
   72 |          return hypergeometric_pFq(aj, bj, z, p_abs_error, boost::math::policies::policy<>());
      |                 ~~~~~~~~~~~~~~~~~~^~~~~~~~~~~~~~~~~~~~~~~~~~~~~~~~~~~~~~~~~~~~~~~~~~~~~~~~~~~
/usr/local/lib/R/site-library/StanHeaders/include/stan/math/prim/fun/hypergeometric_pFq.hpp:67:43:   required from ‘stan::return_type_t<T, L, U> stan::math::hypergeometric_pFq(Ta&&, Tb&&, Tz&&) [with Ta = Eigen::Matrix<double, -1, 1>&; Tb = Eigen::Matrix<double, -1, 1>&; Tz = const double&; stan::require_all_vector_st<std::is_arithmetic, Ta, Tb>* <anonymous> = 0; stan::require_arithmetic_t<Tz>* <anonymous> = 0; stan::return_type_t<T, L, U> = double]’
   67 |     return boost::math::hypergeometric_pFq(map_a, map_b, z);
      |            ~~~~~~~~~~~~~~~~~~~~~~~~~~~~~~~^~~~~~~~~~~~~~~~~
/usr/local/lib/R/site-library/StanHeaders/include/stan/math/prim/fun/hypergeometric_3F2.hpp:130:28:   required from ‘auto stan::math::hypergeometric_3F2(const Ta&, const Tb&, const Tz&) [with Ta = std::vector<double, std::allocator<double> >; Tb = std::vector<double, std::allocator<double> >; Tz = double; stan::require_all_vector_t<T_y, T_high>* <anonymous> = 0; stan::require_stan_scalar_t<T2>* <anonymous> = 0]’
  130 |   return hypergeometric_pFq(a_ref, b_ref, z);
      |          ~~~~~~~~~~~~~~~~~~^~~~~~~~~~~~~~~~~
/usr/local/lib/R/site-library/StanHeaders/include/stan/math/prim/fun/hypergeometric_3F2.hpp:154:28:   required from ‘auto stan::math::hypergeometric_3F2(const std::initializer_list<_Tp>&, const std::initializer_list<_Value>&, const Tz&) [with Ta = double; Tb = double; Tz = double; stan::require_all_stan_scalar_t<T, L, U>* <anonymous> = 0]’
  154 |   return hypergeometric_3F2(std::vector<Ta>(a), std::vector<Tb>(b), z);
      |          ~~~~~~~~~~~~~~~~~~^~~~~~~~~~~~~~~~~~~~~~~~~~~~~~~~~~~~~~~~~~~
/usr/local/lib/R/site-library/StanHeaders/include/stan/math/rev/fun/inv_inc_beta.hpp:80:37:   required from here
   80 |             + log(hypergeometric_3F2({a_val, a_val, one_m_b}, {ap1, ap1}, w))
      |                   ~~~~~~~~~~~~~~~~~~^~~~~~~~~~~~~~~~~~~~~~~~~~~~~~~~~~~~~~~~
/usr/local/lib/R/site-library/BH/include/boost/math/special_functions/detail/hypergeometric_pFq_checked_series.hpp:122:28: note: parameter passing for argument of type ‘std::pair<long double, long double>’ when C++17 is enabled changed to match C++14 in GCC 10.1
  122 |      std::pair<Real, Real> hypergeometric_pFq_checked_series_impl(const Seq& aj, const Seq& bj, const Real& z, const Policy& pol, const Terminal& termination, long long& log_scale)
      |                            ^~~~~~~~~~~~~~~~~~~~~~~~~~~~~~~~~~~~~~
In file included from /usr/local/lib/R/site-library/BH/include/boost/math/special_functions/factorials.hpp:17,
                 from /usr/local/lib/R/site-library/BH/include/boost/math/special_functions/binomial.hpp:16,
                 from /usr/local/lib/R/site-library/StanHeaders/include/stan/math/prim/fun/choose.hpp:7,
                 from /usr/local/lib/R/site-library/StanHeaders/include/stan/math/prim/functor/hcubature.hpp:21,
                 from /usr/local/lib/R/site-library/StanHeaders/include/stan/math/prim/functor.hpp:14,
                 from /usr/local/lib/R/site-library/StanHeaders/include/stan/math/rev/fun/to_arena.hpp:7,
                 from /usr/local/lib/R/site-library/StanHeaders/include/stan/math/rev/core/operator_division.hpp:15,
                 from /usr/local/lib/R/site-library/StanHeaders/include/stan/math/rev/core/operator_divide_equal.hpp:5,
                 from /usr/local/lib/R/site-library/StanHeaders/include/stan/math/rev/core.hpp:32,
                 from /usr/local/lib/R/site-library/StanHeaders/include/stan/math/rev/constraint/cholesky_corr_constrain.hpp:4,
                 from /usr/local/lib/R/site-library/StanHeaders/include/stan/math/rev/constraint.hpp:6:
/usr/local/lib/R/site-library/BH/include/boost/math/special_functions/gamma.hpp: In instantiation of ‘boost::math::detail::upper_incomplete_gamma_fract<T>::result_type boost::math::detail::upper_incomplete_gamma_fract<T>::operator()() [with T = double; result_type = std::pair<double, double>]’:
/usr/local/lib/R/site-library/BH/include/boost/math/tools/fraction.hpp:259:20:   required from ‘typename boost::math::tools::detail::fraction_traits<Gen>::result_type boost::math::tools::detail::continued_fraction_a_impl(Gen&, const U&, uintmax_t&) [with Gen = boost::math::detail::upper_incomplete_gamma_fract<double>; U = double; typename fraction_traits<Gen>::result_type = double; uintmax_t = long unsigned int]’
  259 |    value_type v = g();
      |                   ~^~
/usr/local/lib/R/site-library/BH/include/boost/math/tools/fraction.hpp:311:44:   required from ‘typename boost::math::tools::detail::fraction_traits<Gen>::result_type boost::math::tools::continued_fraction_a(Gen&, const U&) [with Gen = boost::math::detail::upper_incomplete_gamma_fract<double>; U = double; typename detail::fraction_traits<Gen>::result_type = double]’
  311 |    return detail::continued_fraction_a_impl(g, factor, max_iter);
      |           ~~~~~~~~~~~~~~~~~~~~~~~~~~~~~~~~~^~~~~~~~~~~~~~~~~~~~~
/usr/local/lib/R/site-library/BH/include/boost/math/special_functions/gamma.hpp:403:68:   required from ‘T boost::math::detail::upper_gamma_fraction(T, T, T) [with T = double]’
  403 |    return 1 / (z - a + 1 + boost::math::tools::continued_fraction_a(f, eps));
      |                            ~~~~~~~~~~~~~~~~~~~~~~~~~~~~~~~~~~~~~~~~^~~~~~~~
/usr/local/lib/R/site-library/BH/include/boost/math/special_functions/gamma.hpp:1708:44:   required from ‘T boost::math::detail::gamma_incomplete_imp(T, T, bool, bool, const Policy&, T*) [with T = double; Policy = boost::math::policies::policy<boost::math::policies::pole_error<boost::math::policies::errno_on_error>, boost::math::policies::overflow_error<boost::math::policies::errno_on_error>, boost::math::policies::promote_float<false>, boost::math::policies::promote_double<false>, boost::math::policies::default_policy, boost::math::policies::default_policy, boost::math::policies::default_policy, boost::math::policies::default_policy, boost::math::policies::default_policy, boost::math::policies::default_policy, boost::math::policies::default_policy, boost::math::policies::default_policy, boost::math::policies::default_policy>]’
 1708 |          result += log(upper_gamma_fraction(a, x, policies::get_epsilon<T, Policy>()));
      |                        ~~~~~~~~~~~~~~~~~~~~^~~~~~~~~~~~~~~~~~~~~~~~~~~~~~~~~~~~~~~~~~
/usr/local/lib/R/site-library/BH/include/boost/math/special_functions/gamma.hpp:2412:35:   required from ‘boost::math::tools::promote_args_t<RT1, RT2> boost::math::gamma_p(RT1, RT2, const Policy&) [with RT1 = double; RT2 = double; Policy = policies::policy<policies::overflow_error<boost::math::policies::errno_on_error>, policies::pole_error<boost::math::policies::errno_on_error>, policies::promote_double<false>, policies::digits2<0>, policies::default_policy, policies::default_policy, policies::default_policy, policies::default_policy, policies::default_policy, policies::default_policy, policies::default_policy, policies::default_policy, policies::default_policy>; tools::promote_args_t<RT1, RT2> = double]’
 2412 |       detail::gamma_incomplete_imp(static_cast<value_type>(a),
      |       ~~~~~~~~~~~~~~~~~~~~~~~~~~~~^~~~~~~~~~~~~~~~~~~~~~~~~~~~
 2413 |       static_cast<value_type>(z), true, false,
      |       ~~~~~~~~~~~~~~~~~~~~~~~~~~~~~~~~~~~~~~~~
 2414 |       forwarding_policy(), static_cast<value_type*>(nullptr)), "gamma_p<%1%>(%1%, %1%)");
      |       ~~~~~~~~~~~~~~~~~~~~~~~~~~~~~~~~~~~~~~~~~~~~~~~~~~~~~~~
/usr/local/lib/R/site-library/StanHeaders/include/stan/math/prim/fun/gamma_p.hpp:76:30:   required from here
   76 |   return boost::math::gamma_p(z, a, boost_policy_t<>());
      |          ~~~~~~~~~~~~~~~~~~~~^~~~~~~~~~~~~~~~~~~~~~~~~~
/usr/local/lib/R/site-library/BH/include/boost/math/special_functions/gamma.hpp:388:39: note: parameter passing for argument of type ‘std::pair<double, double>’ when C++17 is enabled changed to match C++14 in GCC 10.1
  388 |    BOOST_MATH_GPU_ENABLED result_type operator()()
      |                                       ^~~~~~~~
In file included from /usr/local/lib/R/site-library/StanHeaders/include/stan/math/prim/fun/owens_t.hpp:6,
                 from /usr/local/lib/R/site-library/StanHeaders/include/stan/math/prim/fun.hpp:239:
/usr/local/lib/R/site-library/BH/include/boost/math/special_functions/owens_t.hpp: In instantiation of ‘std::pair<_FIter, _FIter> boost::math::detail::owens_t_T1_accelerated(T, T, const Policy&) [with T = long double; Policy = boost::math::policies::policy<boost::math::policies::default_policy, boost::math::policies::default_policy, boost::math::policies::default_policy, boost::math::policies::default_policy, boost::math::policies::default_policy, boost::math::policies::default_policy, boost::math::policies::default_policy, boost::math::policies::default_policy, boost::math::policies::default_policy, boost::math::policies::default_policy, boost::math::policies::default_policy>]’:
/usr/local/lib/R/site-library/BH/include/boost/math/special_functions/owens_t.hpp:886:46:   required from ‘RealType boost::math::detail::owens_t_dispatch(RealType, RealType, RealType, const Policy&, const std::integral_constant<int, 65>&) [with RealType = long double; Policy = boost::math::policies::policy<boost::math::policies::default_policy, boost::math::policies::default_policy, boost::math::policies::default_policy, boost::math::policies::default_policy, boost::math::policies::default_policy, boost::math::policies::default_policy, boost::math::policies::default_policy, boost::math::policies::default_policy, boost::math::policies::default_policy, boost::math::policies::default_policy, boost::math::policies::default_policy>]’
  886 |                   p1 = owens_t_T1_accelerated(h, a, forwarding_policy());
      |                        ~~~~~~~~~~~~~~~~~~~~~~^~~~~~~~~~~~~~~~~~~~~~~~~~~
/usr/local/lib/R/site-library/BH/include/boost/math/special_functions/owens_t.hpp:991:36:   required from ‘RealType boost::math::detail::owens_t_dispatch(RealType, RealType, RealType, const Policy&) [with RealType = long double; Policy = boost::math::policies::policy<boost::math::policies::default_policy, boost::math::policies::default_policy, boost::math::policies::default_policy, boost::math::policies::default_policy, boost::math::policies::default_policy, boost::math::policies::default_policy, boost::math::policies::default_policy, boost::math::policies::default_policy, boost::math::policies::default_policy, boost::math::policies::default_policy, boost::math::policies::default_policy>]’
  991 |             return owens_t_dispatch(h, a, ah, pol, tag_type());
      |                    ~~~~~~~~~~~~~~~~^~~~~~~~~~~~~~~~~~~~~~~~~~~
/usr/local/lib/R/site-library/BH/include/boost/math/special_functions/owens_t.hpp:1012:38:   required from ‘RealType boost::math::detail::owens_t(RealType, RealType, const Policy&) [with RealType = long double; Policy = boost::math::policies::policy<boost::math::policies::default_policy, boost::math::policies::default_policy, boost::math::policies::default_policy, boost::math::policies::default_policy, boost::math::policies::default_policy, boost::math::policies::default_policy, boost::math::policies::default_policy, boost::math::policies::default_policy, boost::math::policies::default_policy, boost::math::policies::default_policy, boost::math::policies::default_policy>]’
 1012 |                val = owens_t_dispatch(h, fabs_a, fabs_ah, pol);
      |                      ~~~~~~~~~~~~~~~~^~~~~~~~~~~~~~~~~~~~~~~~~
/usr/local/lib/R/site-library/BH/include/boost/math/special_functions/owens_t.hpp:1049:86:   required from ‘boost::math::tools::promote_args_t<RT1, RT2> boost::math::owens_t(T1, T2, const Policy&) [with T1 = double; T2 = double; Policy = policies::policy<policies::default_policy, policies::default_policy, policies::default_policy, policies::default_policy, policies::default_policy, policies::default_policy, policies::default_policy, policies::default_policy, policies::default_policy, policies::default_policy, policies::default_policy>; tools::promote_args_t<RT1, RT2> = double]’
 1049 |          return policies::checked_narrowing_cast<result_type, Policy>(detail::owens_t(static_cast<value_type>(h), static_cast<value_type>(a), pol), "boost::math::owens_t<%1%>(%1%,%1%)");
      |                                                                       ~~~~~~~~~~~~~~~^~~~~~~~~~~~~~~~~~~~~~~~~~~~~~~~~~~~~~~~~~~~~~~~~~~~~~~~~~~~~
/usr/local/lib/R/site-library/BH/include/boost/math/special_functions/owens_t.hpp:1055:24:   required from ‘boost::math::tools::promote_args_t<RT1, RT2> boost::math::owens_t(T1, T2) [with T1 = double; T2 = double; tools::promote_args_t<RT1, RT2> = double]’
 1055 |          return owens_t(h, a, policies::policy<>());
      |                 ~~~~~~~^~~~~~~~~~~~~~~~~~~~~~~~~~~~
/usr/local/lib/R/site-library/StanHeaders/include/stan/math/prim/fun/owens_t.hpp:62:30:   required from here
   62 |   return boost::math::owens_t(h, a);
      |          ~~~~~~~~~~~~~~~~~~~~^~~~~~
/usr/local/lib/R/site-library/BH/include/boost/math/special_functions/owens_t.hpp:558:26: note: parameter passing for argument of type ‘std::pair<long double, long double>’ when C++17 is enabled changed to match C++14 in GCC 10.1
  558 |          std::pair<T, T> owens_t_T1_accelerated(T h, T a, const Policy& pol)
      |                          ^~~~~~~~~~~~~~~~~~~~~~
In file included from /usr/local/lib/R/site-library/BH/include/boost/math/special_functions/binomial.hpp:17:
/usr/local/lib/R/site-library/BH/include/boost/math/special_functions/beta.hpp: In instantiation of ‘boost::math::detail::ibeta_fraction2_t<T>::result_type boost::math::detail::ibeta_fraction2_t<T>::operator()() [with T = double; result_type = std::pair<double, double>]’:
/usr/local/lib/R/site-library/BH/include/boost/math/tools/fraction.hpp:134:20:   required from ‘typename boost::math::tools::detail::fraction_traits<Gen>::result_type boost::math::tools::detail::continued_fraction_b_impl(Gen&, const U&, uintmax_t&) [with Gen = boost::math::detail::ibeta_fraction2_t<double>; U = double; typename fraction_traits<Gen>::result_type = double; uintmax_t = long unsigned int]’
  134 |    value_type v = g();
      |                   ~^~
/usr/local/lib/R/site-library/BH/include/boost/math/tools/fraction.hpp:172:44:   required from ‘typename boost::math::tools::detail::fraction_traits<Gen>::result_type boost::math::tools::continued_fraction_b(Gen&, const U&, uintmax_t&) [with Gen = boost::math::detail::ibeta_fraction2_t<double>; U = double; typename detail::fraction_traits<Gen>::result_type = double; uintmax_t = long unsigned int]’
  172 |    return detail::continued_fraction_b_impl(g, factor, max_terms);
      |           ~~~~~~~~~~~~~~~~~~~~~~~~~~~~~~~~~^~~~~~~~~~~~~~~~~~~~~~
/usr/local/lib/R/site-library/BH/include/boost/math/special_functions/beta.hpp:860:54:   required from ‘T boost::math::detail::ibeta_fraction2(T, T, T, T, const Policy&, bool, T*) [with T = double; Policy = boost::math::policies::policy<boost::math::policies::pole_error<boost::math::policies::errno_on_error>, boost::math::policies::overflow_error<boost::math::policies::errno_on_error>, boost::math::policies::promote_float<false>, boost::math::policies::promote_double<false>, boost::math::policies::default_policy, boost::math::policies::default_policy, boost::math::policies::default_policy, boost::math::policies::default_policy, boost::math::policies::default_policy, boost::math::policies::default_policy, boost::math::policies::default_policy, boost::math::policies::default_policy, boost::math::policies::default_policy>]’
  860 |    T fract = boost::math::tools::continued_fraction_b(f, boost::math::policies::get_epsilon<T, Policy>(), max_terms);
      |              ~~~~~~~~~~~~~~~~~~~~~~~~~~~~~~~~~~~~~~~~^~~~~~~~~~~~~~~~~~~~~~~~~~~~~~~~~~~~~~~~~~~~~~~~~~~~~~~~~~~~~~~
/usr/local/lib/R/site-library/BH/include/boost/math/special_functions/beta.hpp:1567:36:   required from ‘T boost::math::detail::ibeta_imp(T, T, T, const Policy&, bool, bool, T*) [with T = double; Policy = boost::math::policies::policy<boost::math::policies::pole_error<boost::math::policies::errno_on_error>, boost::math::policies::overflow_error<boost::math::policies::errno_on_error>, boost::math::policies::promote_float<false>, boost::math::policies::promote_double<false>, boost::math::policies::default_policy, boost::math::policies::default_policy, boost::math::policies::default_policy, boost::math::policies::default_policy, boost::math::policies::default_policy, boost::math::policies::default_policy, boost::math::policies::default_policy, boost::math::policies::default_policy, boost::math::policies::default_policy>]’
 1567 |             fract = ibeta_fraction2(a, b, x, y, pol, normalised, p_derivative);
      |                     ~~~~~~~~~~~~~~~^~~~~~~~~~~~~~~~~~~~~~~~~~~~~~~~~~~~~~~~~~~
/usr/local/lib/R/site-library/BH/include/boost/math/special_functions/beta.hpp:1634:20:   required from ‘T boost::math::detail::ibeta_imp(T, T, T, const Policy&, bool, bool) [with T = double; Policy = boost::math::policies::policy<boost::math::policies::pole_error<boost::math::policies::errno_on_error>, boost::math::policies::overflow_error<boost::math::policies::errno_on_error>, boost::math::policies::promote_float<false>, boost::math::policies::promote_double<false>, boost::math::policies::default_policy, boost::math::policies::default_policy, boost::math::policies::default_policy, boost::math::policies::default_policy, boost::math::policies::default_policy, boost::math::policies::default_policy, boost::math::policies::default_policy, boost::math::policies::default_policy, boost::math::policies::default_policy>]’
 1634 |    return ibeta_imp(a, b, x, pol, inv, normalised, static_cast<T*>(nullptr));
      |           ~~~~~~~~~^~~~~~~~~~~~~~~~~~~~~~~~~~~~~~~~~~~~~~~~~~~~~~~~~~~~~~~~~
/usr/local/lib/R/site-library/BH/include/boost/math/special_functions/beta.hpp:1788:93:   required from ‘boost::math::tools::promote_args_t<RT1, RT2, A> boost::math::ibeta(RT1, RT2, RT3, const Policy&) [with RT1 = double; RT2 = double; RT3 = double; Policy = policies::policy<policies::overflow_error<boost::math::policies::errno_on_error>, policies::pole_error<boost::math::policies::errno_on_error>, policies::promote_double<false>, policies::digits2<0>, policies::default_policy, policies::default_policy, policies::default_policy, policies::default_policy, policies::default_policy, policies::default_policy, policies::default_policy, policies::default_policy, policies::default_policy>; tools::promote_args_t<RT1, RT2, A> = double]’
 1788 |    return policies::checked_narrowing_cast<result_type, forwarding_policy>(detail::ibeta_imp(static_cast<value_type>(a), static_cast<value_type>(b), static_cast<value_type>(x), forwarding_policy(), false, true), "boost::math::ibeta<%1%>(%1%,%1%,%1%)");
      |                                                                            ~~~~~~~~~~~~~~~~~^~~~~~~~~~~~~~~~~~~~~~~~~~~~~~~~~~~~~~~~~~~~~~~~~~~~~~~~~~~~~~~~~~~~~~~~~~~~~~~~~~~~~~~~~~~~~~~~~~~~~~~~~~~~~~~~~~~~~~
/usr/local/lib/R/site-library/StanHeaders/include/stan/math/prim/fun/inc_beta.hpp:29:28:   required from here
   29 |   return boost::math::ibeta(a, b, x, boost_policy_t<>());
      |          ~~~~~~~~~~~~~~~~~~^~~~~~~~~~~~~~~~~~~~~~~~~~~~~
/usr/local/lib/R/site-library/BH/include/boost/math/special_functions/beta.hpp:823:39: note: parameter passing for argument of type ‘std::pair<double, double>’ when C++17 is enabled changed to match C++14 in GCC 10.1
  823 |    BOOST_MATH_GPU_ENABLED result_type operator()()
      |                                       ^~~~~~~~
aarch64-linux-gnu-gcc -I"/usr/share/R/include" -DNDEBUG  -I'/usr/local/lib/R/site-library/Rcpp/include' -I'/usr/local/lib/R/site-library/RcppEigen/include' -I'/usr/local/lib/R/site-library/StanHeaders/include' -I'/usr/local/lib/R/site-library/BH/include' -I'/usr/local/lib/R/site-library/RcppParallel/include'    -O3 -fno-math-errno -mtune=native  -fPIC  -g -O2 -fno-omit-frame-pointer -mno-omit-leaf-frame-pointer -ffile-prefix-map=/build/r-base-G8rfbz/r-base-4.6.1=. -fstack-protector-strong -fstack-clash-protection -Wformat -Werror=format-security -mbranch-protection=standard -fdebug-prefix-map=/build/r-base-G8rfbz/r-base-4.6.1=/usr/src/r-base-4.6.1-6.2604.0 -Wdate-time -D_FORTIFY_SOURCE=3  -c ptr.c -o ptr.o
aarch64-linux-gnu-g++ -std=gnu++17 -I"/usr/share/R/include" -DNDEBUG  -I'/usr/local/lib/R/site-library/Rcpp/include' -I'/usr/local/lib/R/site-library/RcppEigen/include' -I'/usr/local/lib/R/site-library/StanHeaders/include' -I'/usr/local/lib/R/site-library/BH/include' -I'/usr/local/lib/R/site-library/RcppParallel/include'    -O3 -fno-math-errno -mtune=native  -fopenmp -DBOOST_DISABLE_ASSERTS -DBOOST_PHOENIX_NO_VARIADIC_EXPRESSION -D_HAS_AUTO_PTR_ETC=0 -D_REENTRANT -include lcStanCompat.h -isystem"/usr/local/lib/R/site-library/BH/include" -isystem"/usr/local/lib/R/site-library/RcppEigen/include" -isystem'/usr/local/lib/R/site-library/RcppParallel/include' -D_REENTRANT -DSTAN_THREADS -DTBB_INTERFACE_NEW -isystem'/usr/local/lib/R/site-library/StanHeaders/include' -isystem'/usr/local/lib/R/site-library/StanHeaders/include/src' -isystem"/usr/local/lib/R/site-library/Rcpp/include" -DEIGEN_DONT_PARALLELIZE -fPIC  -g -O2 -fno-omit-frame-pointer -mno-omit-leaf-frame-pointer -ffile-prefix-map=/build/r-base-G8rfbz/r-base-4.6.1=. -fstack-protector-strong -fstack-clash-protection -Wformat -Werror=format-security -mbranch-protection=standard -fdebug-prefix-map=/build/r-base-G8rfbz/r-base-4.6.1=/usr/src/r-base-4.6.1-6.2604.0 -Wdate-time -D_FORTIFY_SOURCE=3   -c rxDerived.cpp -o rxDerived.o
In file included from /usr/local/lib/R/site-library/BH/include/boost/math/special_functions/hypergeometric_pFq.hpp:11,
                 from /usr/local/lib/R/site-library/StanHeaders/include/stan/math/prim/fun/hypergeometric_pFq.hpp:9,
                 from /usr/local/lib/R/site-library/StanHeaders/include/stan/math/prim/fun/hypergeometric_2F1.hpp:19,
                 from /usr/local/lib/R/site-library/StanHeaders/include/stan/math/prim/fun/grad_2F1.hpp:14,
                 from /usr/local/lib/R/site-library/StanHeaders/include/stan/math/prim/fun.hpp:118,
                 from /usr/local/lib/R/site-library/StanHeaders/include/stan/math/prim/constraint.hpp:4,
                 from /usr/local/lib/R/site-library/StanHeaders/include/stan/math/rev/constraint.hpp:24,
                 from /usr/local/lib/R/site-library/StanHeaders/include/stan/math/rev.hpp:11,
                 from /usr/local/lib/R/site-library/StanHeaders/include/stan/math.hpp:19,
                 from rxDerived.cpp:7:
/usr/local/lib/R/site-library/BH/include/boost/math/special_functions/detail/hypergeometric_pFq_checked_series.hpp: In instantiation of ‘std::pair<_ForwardIterator, _ForwardIterator> boost::math::detail::hypergeometric_pFq_checked_series_impl(const Seq&, const Seq&, const Real&, const Policy&, const Terminal&, long long int&) [with Seq = Eigen::Map<Eigen::Matrix<double, -1, 1>, 0, Eigen::Stride<0, 0> >; Real = long double; Policy = boost::math::policies::policy<boost::math::policies::default_policy, boost::math::policies::default_policy, boost::math::policies::default_policy, boost::math::policies::default_policy, boost::math::policies::default_policy, boost::math::policies::default_policy, boost::math::policies::default_policy, boost::math::policies::default_policy, boost::math::policies::default_policy, boost::math::policies::default_policy, boost::math::policies::default_policy>; Terminal = iteration_terminator]’:
/usr/local/lib/R/site-library/BH/include/boost/math/special_functions/hypergeometric_pFq.hpp:61:107:   required from ‘typename boost::math::tools::promote_args<Real, typename Seq::value_type>::type boost::math::hypergeometric_pFq(const Seq&, const Seq&, const Real&, Real*, const Policy&) [with Seq = Eigen::Map<Eigen::Matrix<double, -1, 1>, 0, Eigen::Stride<0, 0> >; Real = double; Policy = policies::policy<policies::default_policy, policies::default_policy, policies::default_policy, policies::default_policy, policies::default_policy, policies::default_policy, policies::default_policy, policies::default_policy, policies::default_policy, policies::default_policy, policies::default_policy>; typename tools::promote_args<Real, typename Seq::value_type>::type = double; typename Seq::value_type = double]’
   61 |          std::pair<value_type, value_type> r = boost::math::detail::hypergeometric_pFq_checked_series_impl(aj, bj, value_type(z), pol, boost::math::detail::iteration_terminator(boost::math::policies::get_max_series_iterations<forwarding_policy>()), scale);
      |                                                ~~~~~~~~~~~~~~~~~~~~~~~~~~~~~~~~~~~~~~~~~~~~~~~~~~~~~~~~~~~^~~~~~~~~~~~~~~~~~~~~~~~~~~~~~~~~~~~~~~~~~~~~~~~~~~~~~~~~~~~~~~~~~~~~~~~~~~~~~~~~~~~~~~~~~~~~~~~~~~~~~~~~~~~~~~~~~~~~~~~~~~~~~~~~~~~~~~~~~~~~~~~~~~~~
/usr/local/lib/R/site-library/BH/include/boost/math/special_functions/hypergeometric_pFq.hpp:72:35:   required from ‘typename boost::math::tools::promote_args<Real, typename Seq::value_type>::type boost::math::hypergeometric_pFq(const Seq&, const Seq&, const Real&, Real*) [with Seq = Eigen::Map<Eigen::Matrix<double, -1, 1>, 0, Eigen::Stride<0, 0> >; Real = double; typename tools::promote_args<Real, typename Seq::value_type>::type = double; typename Seq::value_type = double]’
   72 |          return hypergeometric_pFq(aj, bj, z, p_abs_error, boost::math::policies::policy<>());
      |                 ~~~~~~~~~~~~~~~~~~^~~~~~~~~~~~~~~~~~~~~~~~~~~~~~~~~~~~~~~~~~~~~~~~~~~~~~~~~~~
/usr/local/lib/R/site-library/StanHeaders/include/stan/math/prim/fun/hypergeometric_pFq.hpp:67:43:   required from ‘stan::return_type_t<T, L, U> stan::math::hypergeometric_pFq(Ta&&, Tb&&, Tz&&) [with Ta = Eigen::Matrix<double, -1, 1>&; Tb = Eigen::Matrix<double, -1, 1>&; Tz = const double&; stan::require_all_vector_st<std::is_arithmetic, Ta, Tb>* <anonymous> = 0; stan::require_arithmetic_t<Tz>* <anonymous> = 0; stan::return_type_t<T, L, U> = double]’
   67 |     return boost::math::hypergeometric_pFq(map_a, map_b, z);
      |            ~~~~~~~~~~~~~~~~~~~~~~~~~~~~~~~^~~~~~~~~~~~~~~~~
/usr/local/lib/R/site-library/StanHeaders/include/stan/math/prim/fun/hypergeometric_3F2.hpp:130:28:   required from ‘auto stan::math::hypergeometric_3F2(const Ta&, const Tb&, const Tz&) [with Ta = std::vector<double, std::allocator<double> >; Tb = std::vector<double, std::allocator<double> >; Tz = double; stan::require_all_vector_t<T_y, T_high>* <anonymous> = 0; stan::require_stan_scalar_t<T2>* <anonymous> = 0]’
  130 |   return hypergeometric_pFq(a_ref, b_ref, z);
      |          ~~~~~~~~~~~~~~~~~~^~~~~~~~~~~~~~~~~
/usr/local/lib/R/site-library/StanHeaders/include/stan/math/prim/fun/hypergeometric_3F2.hpp:154:28:   required from ‘auto stan::math::hypergeometric_3F2(const std::initializer_list<_Tp>&, const std::initializer_list<_Value>&, const Tz&) [with Ta = double; Tb = double; Tz = double; stan::require_all_stan_scalar_t<T, L, U>* <anonymous> = 0]’
  154 |   return hypergeometric_3F2(std::vector<Ta>(a), std::vector<Tb>(b), z);
      |          ~~~~~~~~~~~~~~~~~~^~~~~~~~~~~~~~~~~~~~~~~~~~~~~~~~~~~~~~~~~~~
/usr/local/lib/R/site-library/StanHeaders/include/stan/math/rev/fun/inv_inc_beta.hpp:80:37:   required from here
   80 |             + log(hypergeometric_3F2({a_val, a_val, one_m_b}, {ap1, ap1}, w))
      |                   ~~~~~~~~~~~~~~~~~~^~~~~~~~~~~~~~~~~~~~~~~~~~~~~~~~~~~~~~~~
/usr/local/lib/R/site-library/BH/include/boost/math/special_functions/detail/hypergeometric_pFq_checked_series.hpp:122:28: note: parameter passing for argument of type ‘std::pair<long double, long double>’ when C++17 is enabled changed to match C++14 in GCC 10.1
  122 |      std::pair<Real, Real> hypergeometric_pFq_checked_series_impl(const Seq& aj, const Seq& bj, const Real& z, const Policy& pol, const Terminal& termination, long long& log_scale)
      |                            ^~~~~~~~~~~~~~~~~~~~~~~~~~~~~~~~~~~~~~
In file included from /usr/local/lib/R/site-library/BH/include/boost/math/special_functions/factorials.hpp:17,
                 from /usr/local/lib/R/site-library/BH/include/boost/math/special_functions/binomial.hpp:16,
                 from /usr/local/lib/R/site-library/StanHeaders/include/stan/math/prim/fun/choose.hpp:7,
                 from /usr/local/lib/R/site-library/StanHeaders/include/stan/math/prim/functor/hcubature.hpp:21,
                 from /usr/local/lib/R/site-library/StanHeaders/include/stan/math/prim/functor.hpp:14,
                 from /usr/local/lib/R/site-library/StanHeaders/include/stan/math/rev/fun/to_arena.hpp:7,
                 from /usr/local/lib/R/site-library/StanHeaders/include/stan/math/rev/core/operator_division.hpp:15,
                 from /usr/local/lib/R/site-library/StanHeaders/include/stan/math/rev/core/operator_divide_equal.hpp:5,
                 from /usr/local/lib/R/site-library/StanHeaders/include/stan/math/rev/core.hpp:32,
                 from /usr/local/lib/R/site-library/StanHeaders/include/stan/math/rev/constraint/cholesky_corr_constrain.hpp:4,
                 from /usr/local/lib/R/site-library/StanHeaders/include/stan/math/rev/constraint.hpp:6:
/usr/local/lib/R/site-library/BH/include/boost/math/special_functions/gamma.hpp: In instantiation of ‘boost::math::detail::upper_incomplete_gamma_fract<T>::result_type boost::math::detail::upper_incomplete_gamma_fract<T>::operator()() [with T = double; result_type = std::pair<double, double>]’:
/usr/local/lib/R/site-library/BH/include/boost/math/tools/fraction.hpp:259:20:   required from ‘typename boost::math::tools::detail::fraction_traits<Gen>::result_type boost::math::tools::detail::continued_fraction_a_impl(Gen&, const U&, uintmax_t&) [with Gen = boost::math::detail::upper_incomplete_gamma_fract<double>; U = double; typename fraction_traits<Gen>::result_type = double; uintmax_t = long unsigned int]’
  259 |    value_type v = g();
      |                   ~^~
/usr/local/lib/R/site-library/BH/include/boost/math/tools/fraction.hpp:311:44:   required from ‘typename boost::math::tools::detail::fraction_traits<Gen>::result_type boost::math::tools::continued_fraction_a(Gen&, const U&) [with Gen = boost::math::detail::upper_incomplete_gamma_fract<double>; U = double; typename detail::fraction_traits<Gen>::result_type = double]’
  311 |    return detail::continued_fraction_a_impl(g, factor, max_iter);
      |           ~~~~~~~~~~~~~~~~~~~~~~~~~~~~~~~~~^~~~~~~~~~~~~~~~~~~~~
/usr/local/lib/R/site-library/BH/include/boost/math/special_functions/gamma.hpp:403:68:   required from ‘T boost::math::detail::upper_gamma_fraction(T, T, T) [with T = double]’
  403 |    return 1 / (z - a + 1 + boost::math::tools::continued_fraction_a(f, eps));
      |                            ~~~~~~~~~~~~~~~~~~~~~~~~~~~~~~~~~~~~~~~~^~~~~~~~
/usr/local/lib/R/site-library/BH/include/boost/math/special_functions/gamma.hpp:1708:44:   required from ‘T boost::math::detail::gamma_incomplete_imp(T, T, bool, bool, const Policy&, T*) [with T = double; Policy = boost::math::policies::policy<boost::math::policies::pole_error<boost::math::policies::errno_on_error>, boost::math::policies::overflow_error<boost::math::policies::errno_on_error>, boost::math::policies::promote_float<false>, boost::math::policies::promote_double<false>, boost::math::policies::default_policy, boost::math::policies::default_policy, boost::math::policies::default_policy, boost::math::policies::default_policy, boost::math::policies::default_policy, boost::math::policies::default_policy, boost::math::policies::default_policy, boost::math::policies::default_policy, boost::math::policies::default_policy>]’
 1708 |          result += log(upper_gamma_fraction(a, x, policies::get_epsilon<T, Policy>()));
      |                        ~~~~~~~~~~~~~~~~~~~~^~~~~~~~~~~~~~~~~~~~~~~~~~~~~~~~~~~~~~~~~~
/usr/local/lib/R/site-library/BH/include/boost/math/special_functions/gamma.hpp:2412:35:   required from ‘boost::math::tools::promote_args_t<RT1, RT2> boost::math::gamma_p(RT1, RT2, const Policy&) [with RT1 = double; RT2 = double; Policy = policies::policy<policies::overflow_error<boost::math::policies::errno_on_error>, policies::pole_error<boost::math::policies::errno_on_error>, policies::promote_double<false>, policies::digits2<0>, policies::default_policy, policies::default_policy, policies::default_policy, policies::default_policy, policies::default_policy, policies::default_policy, policies::default_policy, policies::default_policy, policies::default_policy>; tools::promote_args_t<RT1, RT2> = double]’
 2412 |       detail::gamma_incomplete_imp(static_cast<value_type>(a),
      |       ~~~~~~~~~~~~~~~~~~~~~~~~~~~~^~~~~~~~~~~~~~~~~~~~~~~~~~~~
 2413 |       static_cast<value_type>(z), true, false,
      |       ~~~~~~~~~~~~~~~~~~~~~~~~~~~~~~~~~~~~~~~~
 2414 |       forwarding_policy(), static_cast<value_type*>(nullptr)), "gamma_p<%1%>(%1%, %1%)");
      |       ~~~~~~~~~~~~~~~~~~~~~~~~~~~~~~~~~~~~~~~~~~~~~~~~~~~~~~~
/usr/local/lib/R/site-library/StanHeaders/include/stan/math/prim/fun/gamma_p.hpp:76:30:   required from here
   76 |   return boost::math::gamma_p(z, a, boost_policy_t<>());
      |          ~~~~~~~~~~~~~~~~~~~~^~~~~~~~~~~~~~~~~~~~~~~~~~
/usr/local/lib/R/site-library/BH/include/boost/math/special_functions/gamma.hpp:388:39: note: parameter passing for argument of type ‘std::pair<double, double>’ when C++17 is enabled changed to match C++14 in GCC 10.1
  388 |    BOOST_MATH_GPU_ENABLED result_type operator()()
      |                                       ^~~~~~~~
In file included from /usr/local/lib/R/site-library/StanHeaders/include/stan/math/prim/fun/owens_t.hpp:6,
                 from /usr/local/lib/R/site-library/StanHeaders/include/stan/math/prim/fun.hpp:239:
/usr/local/lib/R/site-library/BH/include/boost/math/special_functions/owens_t.hpp: In instantiation of ‘std::pair<_FIter, _FIter> boost::math::detail::owens_t_T1_accelerated(T, T, const Policy&) [with T = long double; Policy = boost::math::policies::policy<boost::math::policies::default_policy, boost::math::policies::default_policy, boost::math::policies::default_policy, boost::math::policies::default_policy, boost::math::policies::default_policy, boost::math::policies::default_policy, boost::math::policies::default_policy, boost::math::policies::default_policy, boost::math::policies::default_policy, boost::math::policies::default_policy, boost::math::policies::default_policy>]’:
/usr/local/lib/R/site-library/BH/include/boost/math/special_functions/owens_t.hpp:886:46:   required from ‘RealType boost::math::detail::owens_t_dispatch(RealType, RealType, RealType, const Policy&, const std::integral_constant<int, 65>&) [with RealType = long double; Policy = boost::math::policies::policy<boost::math::policies::default_policy, boost::math::policies::default_policy, boost::math::policies::default_policy, boost::math::policies::default_policy, boost::math::policies::default_policy, boost::math::policies::default_policy, boost::math::policies::default_policy, boost::math::policies::default_policy, boost::math::policies::default_policy, boost::math::policies::default_policy, boost::math::policies::default_policy>]’
  886 |                   p1 = owens_t_T1_accelerated(h, a, forwarding_policy());
      |                        ~~~~~~~~~~~~~~~~~~~~~~^~~~~~~~~~~~~~~~~~~~~~~~~~~
/usr/local/lib/R/site-library/BH/include/boost/math/special_functions/owens_t.hpp:991:36:   required from ‘RealType boost::math::detail::owens_t_dispatch(RealType, RealType, RealType, const Policy&) [with RealType = long double; Policy = boost::math::policies::policy<boost::math::policies::default_policy, boost::math::policies::default_policy, boost::math::policies::default_policy, boost::math::policies::default_policy, boost::math::policies::default_policy, boost::math::policies::default_policy, boost::math::policies::default_policy, boost::math::policies::default_policy, boost::math::policies::default_policy, boost::math::policies::default_policy, boost::math::policies::default_policy>]’
  991 |             return owens_t_dispatch(h, a, ah, pol, tag_type());
      |                    ~~~~~~~~~~~~~~~~^~~~~~~~~~~~~~~~~~~~~~~~~~~
/usr/local/lib/R/site-library/BH/include/boost/math/special_functions/owens_t.hpp:1012:38:   required from ‘RealType boost::math::detail::owens_t(RealType, RealType, const Policy&) [with RealType = long double; Policy = boost::math::policies::policy<boost::math::policies::default_policy, boost::math::policies::default_policy, boost::math::policies::default_policy, boost::math::policies::default_policy, boost::math::policies::default_policy, boost::math::policies::default_policy, boost::math::policies::default_policy, boost::math::policies::default_policy, boost::math::policies::default_policy, boost::math::policies::default_policy, boost::math::policies::default_policy>]’
 1012 |                val = owens_t_dispatch(h, fabs_a, fabs_ah, pol);
      |                      ~~~~~~~~~~~~~~~~^~~~~~~~~~~~~~~~~~~~~~~~~
/usr/local/lib/R/site-library/BH/include/boost/math/special_functions/owens_t.hpp:1049:86:   required from ‘boost::math::tools::promote_args_t<RT1, RT2> boost::math::owens_t(T1, T2, const Policy&) [with T1 = double; T2 = double; Policy = policies::policy<policies::default_policy, policies::default_policy, policies::default_policy, policies::default_policy, policies::default_policy, policies::default_policy, policies::default_policy, policies::default_policy, policies::default_policy, policies::default_policy, policies::default_policy>; tools::promote_args_t<RT1, RT2> = double]’
 1049 |          return policies::checked_narrowing_cast<result_type, Policy>(detail::owens_t(static_cast<value_type>(h), static_cast<value_type>(a), pol), "boost::math::owens_t<%1%>(%1%,%1%)");
      |                                                                       ~~~~~~~~~~~~~~~^~~~~~~~~~~~~~~~~~~~~~~~~~~~~~~~~~~~~~~~~~~~~~~~~~~~~~~~~~~~~
/usr/local/lib/R/site-library/BH/include/boost/math/special_functions/owens_t.hpp:1055:24:   required from ‘boost::math::tools::promote_args_t<RT1, RT2> boost::math::owens_t(T1, T2) [with T1 = double; T2 = double; tools::promote_args_t<RT1, RT2> = double]’
 1055 |          return owens_t(h, a, policies::policy<>());
      |                 ~~~~~~~^~~~~~~~~~~~~~~~~~~~~~~~~~~~
/usr/local/lib/R/site-library/StanHeaders/include/stan/math/prim/fun/owens_t.hpp:62:30:   required from here
   62 |   return boost::math::owens_t(h, a);
      |          ~~~~~~~~~~~~~~~~~~~~^~~~~~
/usr/local/lib/R/site-library/BH/include/boost/math/special_functions/owens_t.hpp:558:26: note: parameter passing for argument of type ‘std::pair<long double, long double>’ when C++17 is enabled changed to match C++14 in GCC 10.1
  558 |          std::pair<T, T> owens_t_T1_accelerated(T h, T a, const Policy& pol)
      |                          ^~~~~~~~~~~~~~~~~~~~~~
In file included from /usr/local/lib/R/site-library/BH/include/boost/math/special_functions/binomial.hpp:17:
/usr/local/lib/R/site-library/BH/include/boost/math/special_functions/beta.hpp: In instantiation of ‘boost::math::detail::ibeta_fraction2_t<T>::result_type boost::math::detail::ibeta_fraction2_t<T>::operator()() [with T = double; result_type = std::pair<double, double>]’:
/usr/local/lib/R/site-library/BH/include/boost/math/tools/fraction.hpp:134:20:   required from ‘typename boost::math::tools::detail::fraction_traits<Gen>::result_type boost::math::tools::detail::continued_fraction_b_impl(Gen&, const U&, uintmax_t&) [with Gen = boost::math::detail::ibeta_fraction2_t<double>; U = double; typename fraction_traits<Gen>::result_type = double; uintmax_t = long unsigned int]’
  134 |    value_type v = g();
      |                   ~^~
/usr/local/lib/R/site-library/BH/include/boost/math/tools/fraction.hpp:172:44:   required from ‘typename boost::math::tools::detail::fraction_traits<Gen>::result_type boost::math::tools::continued_fraction_b(Gen&, const U&, uintmax_t&) [with Gen = boost::math::detail::ibeta_fraction2_t<double>; U = double; typename detail::fraction_traits<Gen>::result_type = double; uintmax_t = long unsigned int]’
  172 |    return detail::continued_fraction_b_impl(g, factor, max_terms);
      |           ~~~~~~~~~~~~~~~~~~~~~~~~~~~~~~~~~^~~~~~~~~~~~~~~~~~~~~~
/usr/local/lib/R/site-library/BH/include/boost/math/special_functions/beta.hpp:860:54:   required from ‘T boost::math::detail::ibeta_fraction2(T, T, T, T, const Policy&, bool, T*) [with T = double; Policy = boost::math::policies::policy<boost::math::policies::pole_error<boost::math::policies::errno_on_error>, boost::math::policies::overflow_error<boost::math::policies::errno_on_error>, boost::math::policies::promote_float<false>, boost::math::policies::promote_double<false>, boost::math::policies::default_policy, boost::math::policies::default_policy, boost::math::policies::default_policy, boost::math::policies::default_policy, boost::math::policies::default_policy, boost::math::policies::default_policy, boost::math::policies::default_policy, boost::math::policies::default_policy, boost::math::policies::default_policy>]’
  860 |    T fract = boost::math::tools::continued_fraction_b(f, boost::math::policies::get_epsilon<T, Policy>(), max_terms);
      |              ~~~~~~~~~~~~~~~~~~~~~~~~~~~~~~~~~~~~~~~~^~~~~~~~~~~~~~~~~~~~~~~~~~~~~~~~~~~~~~~~~~~~~~~~~~~~~~~~~~~~~~~
/usr/local/lib/R/site-library/BH/include/boost/math/special_functions/beta.hpp:1567:36:   required from ‘T boost::math::detail::ibeta_imp(T, T, T, const Policy&, bool, bool, T*) [with T = double; Policy = boost::math::policies::policy<boost::math::policies::pole_error<boost::math::policies::errno_on_error>, boost::math::policies::overflow_error<boost::math::policies::errno_on_error>, boost::math::policies::promote_float<false>, boost::math::policies::promote_double<false>, boost::math::policies::default_policy, boost::math::policies::default_policy, boost::math::policies::default_policy, boost::math::policies::default_policy, boost::math::policies::default_policy, boost::math::policies::default_policy, boost::math::policies::default_policy, boost::math::policies::default_policy, boost::math::policies::default_policy>]’
 1567 |             fract = ibeta_fraction2(a, b, x, y, pol, normalised, p_derivative);
      |                     ~~~~~~~~~~~~~~~^~~~~~~~~~~~~~~~~~~~~~~~~~~~~~~~~~~~~~~~~~~
/usr/local/lib/R/site-library/BH/include/boost/math/special_functions/beta.hpp:1634:20:   required from ‘T boost::math::detail::ibeta_imp(T, T, T, const Policy&, bool, bool) [with T = double; Policy = boost::math::policies::policy<boost::math::policies::pole_error<boost::math::policies::errno_on_error>, boost::math::policies::overflow_error<boost::math::policies::errno_on_error>, boost::math::policies::promote_float<false>, boost::math::policies::promote_double<false>, boost::math::policies::default_policy, boost::math::policies::default_policy, boost::math::policies::default_policy, boost::math::policies::default_policy, boost::math::policies::default_policy, boost::math::policies::default_policy, boost::math::policies::default_policy, boost::math::policies::default_policy, boost::math::policies::default_policy>]’
 1634 |    return ibeta_imp(a, b, x, pol, inv, normalised, static_cast<T*>(nullptr));
      |           ~~~~~~~~~^~~~~~~~~~~~~~~~~~~~~~~~~~~~~~~~~~~~~~~~~~~~~~~~~~~~~~~~~
/usr/local/lib/R/site-library/BH/include/boost/math/special_functions/beta.hpp:1788:93:   required from ‘boost::math::tools::promote_args_t<RT1, RT2, A> boost::math::ibeta(RT1, RT2, RT3, const Policy&) [with RT1 = double; RT2 = double; RT3 = double; Policy = policies::policy<policies::overflow_error<boost::math::policies::errno_on_error>, policies::pole_error<boost::math::policies::errno_on_error>, policies::promote_double<false>, policies::digits2<0>, policies::default_policy, policies::default_policy, policies::default_policy, policies::default_policy, policies::default_policy, policies::default_policy, policies::default_policy, policies::default_policy, policies::default_policy>; tools::promote_args_t<RT1, RT2, A> = double]’
 1788 |    return policies::checked_narrowing_cast<result_type, forwarding_policy>(detail::ibeta_imp(static_cast<value_type>(a), static_cast<value_type>(b), static_cast<value_type>(x), forwarding_policy(), false, true), "boost::math::ibeta<%1%>(%1%,%1%,%1%)");
      |                                                                            ~~~~~~~~~~~~~~~~~^~~~~~~~~~~~~~~~~~~~~~~~~~~~~~~~~~~~~~~~~~~~~~~~~~~~~~~~~~~~~~~~~~~~~~~~~~~~~~~~~~~~~~~~~~~~~~~~~~~~~~~~~~~~~~~~~~~~~~
/usr/local/lib/R/site-library/StanHeaders/include/stan/math/prim/fun/inc_beta.hpp:29:28:   required from here
   29 |   return boost::math::ibeta(a, b, x, boost_policy_t<>());
      |          ~~~~~~~~~~~~~~~~~~^~~~~~~~~~~~~~~~~~~~~~~~~~~~~
/usr/local/lib/R/site-library/BH/include/boost/math/special_functions/beta.hpp:823:39: note: parameter passing for argument of type ‘std::pair<double, double>’ when C++17 is enabled changed to match C++14 in GCC 10.1
  823 |    BOOST_MATH_GPU_ENABLED result_type operator()()
      |                                       ^~~~~~~~
aarch64-linux-gnu-g++ -std=gnu++17 -I"/usr/share/R/include" -DNDEBUG  -I'/usr/local/lib/R/site-library/Rcpp/include' -I'/usr/local/lib/R/site-library/RcppEigen/include' -I'/usr/local/lib/R/site-library/StanHeaders/include' -I'/usr/local/lib/R/site-library/BH/include' -I'/usr/local/lib/R/site-library/RcppParallel/include'    -O3 -fno-math-errno -mtune=native  -fopenmp -DBOOST_DISABLE_ASSERTS -DBOOST_PHOENIX_NO_VARIADIC_EXPRESSION -D_HAS_AUTO_PTR_ETC=0 -D_REENTRANT -include lcStanCompat.h -isystem"/usr/local/lib/R/site-library/BH/include" -isystem"/usr/local/lib/R/site-library/RcppEigen/include" -isystem'/usr/local/lib/R/site-library/RcppParallel/include' -D_REENTRANT -DSTAN_THREADS -DTBB_INTERFACE_NEW -isystem'/usr/local/lib/R/site-library/StanHeaders/include' -isystem'/usr/local/lib/R/site-library/StanHeaders/include/src' -isystem"/usr/local/lib/R/site-library/Rcpp/include" -DEIGEN_DONT_PARALLELIZE -fPIC  -g -O2 -fno-omit-frame-pointer -mno-omit-leaf-frame-pointer -ffile-prefix-map=/build/r-base-G8rfbz/r-base-4.6.1=. -fstack-protector-strong -fstack-clash-protection -Wformat -Werror=format-security -mbranch-protection=standard -fdebug-prefix-map=/build/r-base-G8rfbz/r-base-4.6.1=/usr/src/r-base-4.6.1-6.2604.0 -Wdate-time -D_FORTIFY_SOURCE=3   -c solComp.cpp -o solComp.o
In file included from /usr/local/lib/R/site-library/BH/include/boost/math/special_functions/hypergeometric_pFq.hpp:11,
                 from /usr/local/lib/R/site-library/StanHeaders/include/stan/math/prim/fun/hypergeometric_pFq.hpp:9,
                 from /usr/local/lib/R/site-library/StanHeaders/include/stan/math/prim/fun/hypergeometric_2F1.hpp:19,
                 from /usr/local/lib/R/site-library/StanHeaders/include/stan/math/prim/fun/grad_2F1.hpp:14,
                 from /usr/local/lib/R/site-library/StanHeaders/include/stan/math/prim/fun.hpp:118,
                 from /usr/local/lib/R/site-library/StanHeaders/include/stan/math/prim/constraint.hpp:4,
                 from /usr/local/lib/R/site-library/StanHeaders/include/stan/math/rev/constraint.hpp:24,
                 from /usr/local/lib/R/site-library/StanHeaders/include/stan/math/rev.hpp:11,
                 from /usr/local/lib/R/site-library/StanHeaders/include/stan/math.hpp:19,
                 from solComp.cpp:7:
/usr/local/lib/R/site-library/BH/include/boost/math/special_functions/detail/hypergeometric_pFq_checked_series.hpp: In instantiation of ‘std::pair<_ForwardIterator, _ForwardIterator> boost::math::detail::hypergeometric_pFq_checked_series_impl(const Seq&, const Seq&, const Real&, const Policy&, const Terminal&, long long int&) [with Seq = Eigen::Map<Eigen::Matrix<double, -1, 1>, 0, Eigen::Stride<0, 0> >; Real = long double; Policy = boost::math::policies::policy<boost::math::policies::default_policy, boost::math::policies::default_policy, boost::math::policies::default_policy, boost::math::policies::default_policy, boost::math::policies::default_policy, boost::math::policies::default_policy, boost::math::policies::default_policy, boost::math::policies::default_policy, boost::math::policies::default_policy, boost::math::policies::default_policy, boost::math::policies::default_policy>; Terminal = iteration_terminator]’:
/usr/local/lib/R/site-library/BH/include/boost/math/special_functions/hypergeometric_pFq.hpp:61:107:   required from ‘typename boost::math::tools::promote_args<Real, typename Seq::value_type>::type boost::math::hypergeometric_pFq(const Seq&, const Seq&, const Real&, Real*, const Policy&) [with Seq = Eigen::Map<Eigen::Matrix<double, -1, 1>, 0, Eigen::Stride<0, 0> >; Real = double; Policy = policies::policy<policies::default_policy, policies::default_policy, policies::default_policy, policies::default_policy, policies::default_policy, policies::default_policy, policies::default_policy, policies::default_policy, policies::default_policy, policies::default_policy, policies::default_policy>; typename tools::promote_args<Real, typename Seq::value_type>::type = double; typename Seq::value_type = double]’
   61 |          std::pair<value_type, value_type> r = boost::math::detail::hypergeometric_pFq_checked_series_impl(aj, bj, value_type(z), pol, boost::math::detail::iteration_terminator(boost::math::policies::get_max_series_iterations<forwarding_policy>()), scale);
      |                                                ~~~~~~~~~~~~~~~~~~~~~~~~~~~~~~~~~~~~~~~~~~~~~~~~~~~~~~~~~~~^~~~~~~~~~~~~~~~~~~~~~~~~~~~~~~~~~~~~~~~~~~~~~~~~~~~~~~~~~~~~~~~~~~~~~~~~~~~~~~~~~~~~~~~~~~~~~~~~~~~~~~~~~~~~~~~~~~~~~~~~~~~~~~~~~~~~~~~~~~~~~~~~~~~~
/usr/local/lib/R/site-library/BH/include/boost/math/special_functions/hypergeometric_pFq.hpp:72:35:   required from ‘typename boost::math::tools::promote_args<Real, typename Seq::value_type>::type boost::math::hypergeometric_pFq(const Seq&, const Seq&, const Real&, Real*) [with Seq = Eigen::Map<Eigen::Matrix<double, -1, 1>, 0, Eigen::Stride<0, 0> >; Real = double; typename tools::promote_args<Real, typename Seq::value_type>::type = double; typename Seq::value_type = double]’
   72 |          return hypergeometric_pFq(aj, bj, z, p_abs_error, boost::math::policies::policy<>());
      |                 ~~~~~~~~~~~~~~~~~~^~~~~~~~~~~~~~~~~~~~~~~~~~~~~~~~~~~~~~~~~~~~~~~~~~~~~~~~~~~
/usr/local/lib/R/site-library/StanHeaders/include/stan/math/prim/fun/hypergeometric_pFq.hpp:67:43:   required from ‘stan::return_type_t<T, L, U> stan::math::hypergeometric_pFq(Ta&&, Tb&&, Tz&&) [with Ta = Eigen::Matrix<double, -1, 1>&; Tb = Eigen::Matrix<double, -1, 1>&; Tz = const double&; stan::require_all_vector_st<std::is_arithmetic, Ta, Tb>* <anonymous> = 0; stan::require_arithmetic_t<Tz>* <anonymous> = 0; stan::return_type_t<T, L, U> = double]’
   67 |     return boost::math::hypergeometric_pFq(map_a, map_b, z);
      |            ~~~~~~~~~~~~~~~~~~~~~~~~~~~~~~~^~~~~~~~~~~~~~~~~
/usr/local/lib/R/site-library/StanHeaders/include/stan/math/prim/fun/hypergeometric_3F2.hpp:130:28:   required from ‘auto stan::math::hypergeometric_3F2(const Ta&, const Tb&, const Tz&) [with Ta = std::vector<double, std::allocator<double> >; Tb = std::vector<double, std::allocator<double> >; Tz = double; stan::require_all_vector_t<T_y, T_high>* <anonymous> = 0; stan::require_stan_scalar_t<T2>* <anonymous> = 0]’
  130 |   return hypergeometric_pFq(a_ref, b_ref, z);
      |          ~~~~~~~~~~~~~~~~~~^~~~~~~~~~~~~~~~~
/usr/local/lib/R/site-library/StanHeaders/include/stan/math/prim/fun/hypergeometric_3F2.hpp:154:28:   required from ‘auto stan::math::hypergeometric_3F2(const std::initializer_list<_Tp>&, const std::initializer_list<_Value>&, const Tz&) [with Ta = double; Tb = double; Tz = double; stan::require_all_stan_scalar_t<T, L, U>* <anonymous> = 0]’
  154 |   return hypergeometric_3F2(std::vector<Ta>(a), std::vector<Tb>(b), z);
      |          ~~~~~~~~~~~~~~~~~~^~~~~~~~~~~~~~~~~~~~~~~~~~~~~~~~~~~~~~~~~~~
/usr/local/lib/R/site-library/StanHeaders/include/stan/math/rev/fun/inv_inc_beta.hpp:80:37:   required from here
   80 |             + log(hypergeometric_3F2({a_val, a_val, one_m_b}, {ap1, ap1}, w))
      |                   ~~~~~~~~~~~~~~~~~~^~~~~~~~~~~~~~~~~~~~~~~~~~~~~~~~~~~~~~~~
/usr/local/lib/R/site-library/BH/include/boost/math/special_functions/detail/hypergeometric_pFq_checked_series.hpp:122:28: note: parameter passing for argument of type ‘std::pair<long double, long double>’ when C++17 is enabled changed to match C++14 in GCC 10.1
  122 |      std::pair<Real, Real> hypergeometric_pFq_checked_series_impl(const Seq& aj, const Seq& bj, const Real& z, const Policy& pol, const Terminal& termination, long long& log_scale)
      |                            ^~~~~~~~~~~~~~~~~~~~~~~~~~~~~~~~~~~~~~
In file included from /usr/local/lib/R/site-library/BH/include/boost/math/special_functions/factorials.hpp:17,
                 from /usr/local/lib/R/site-library/BH/include/boost/math/special_functions/binomial.hpp:16,
                 from /usr/local/lib/R/site-library/StanHeaders/include/stan/math/prim/fun/choose.hpp:7,
                 from /usr/local/lib/R/site-library/StanHeaders/include/stan/math/prim/functor/hcubature.hpp:21,
                 from /usr/local/lib/R/site-library/StanHeaders/include/stan/math/prim/functor.hpp:14,
                 from /usr/local/lib/R/site-library/StanHeaders/include/stan/math/rev/fun/to_arena.hpp:7,
                 from /usr/local/lib/R/site-library/StanHeaders/include/stan/math/rev/core/operator_division.hpp:15,
                 from /usr/local/lib/R/site-library/StanHeaders/include/stan/math/rev/core/operator_divide_equal.hpp:5,
                 from /usr/local/lib/R/site-library/StanHeaders/include/stan/math/rev/core.hpp:32,
                 from /usr/local/lib/R/site-library/StanHeaders/include/stan/math/rev/constraint/cholesky_corr_constrain.hpp:4,
                 from /usr/local/lib/R/site-library/StanHeaders/include/stan/math/rev/constraint.hpp:6:
/usr/local/lib/R/site-library/BH/include/boost/math/special_functions/gamma.hpp: In instantiation of ‘boost::math::detail::upper_incomplete_gamma_fract<T>::result_type boost::math::detail::upper_incomplete_gamma_fract<T>::operator()() [with T = double; result_type = std::pair<double, double>]’:
/usr/local/lib/R/site-library/BH/include/boost/math/tools/fraction.hpp:259:20:   required from ‘typename boost::math::tools::detail::fraction_traits<Gen>::result_type boost::math::tools::detail::continued_fraction_a_impl(Gen&, const U&, uintmax_t&) [with Gen = boost::math::detail::upper_incomplete_gamma_fract<double>; U = double; typename fraction_traits<Gen>::result_type = double; uintmax_t = long unsigned int]’
  259 |    value_type v = g();
      |                   ~^~
/usr/local/lib/R/site-library/BH/include/boost/math/tools/fraction.hpp:311:44:   required from ‘typename boost::math::tools::detail::fraction_traits<Gen>::result_type boost::math::tools::continued_fraction_a(Gen&, const U&) [with Gen = boost::math::detail::upper_incomplete_gamma_fract<double>; U = double; typename detail::fraction_traits<Gen>::result_type = double]’
  311 |    return detail::continued_fraction_a_impl(g, factor, max_iter);
      |           ~~~~~~~~~~~~~~~~~~~~~~~~~~~~~~~~~^~~~~~~~~~~~~~~~~~~~~
/usr/local/lib/R/site-library/BH/include/boost/math/special_functions/gamma.hpp:403:68:   required from ‘T boost::math::detail::upper_gamma_fraction(T, T, T) [with T = double]’
  403 |    return 1 / (z - a + 1 + boost::math::tools::continued_fraction_a(f, eps));
      |                            ~~~~~~~~~~~~~~~~~~~~~~~~~~~~~~~~~~~~~~~~^~~~~~~~
/usr/local/lib/R/site-library/BH/include/boost/math/special_functions/gamma.hpp:1708:44:   required from ‘T boost::math::detail::gamma_incomplete_imp(T, T, bool, bool, const Policy&, T*) [with T = double; Policy = boost::math::policies::policy<boost::math::policies::pole_error<boost::math::policies::errno_on_error>, boost::math::policies::overflow_error<boost::math::policies::errno_on_error>, boost::math::policies::promote_float<false>, boost::math::policies::promote_double<false>, boost::math::policies::default_policy, boost::math::policies::default_policy, boost::math::policies::default_policy, boost::math::policies::default_policy, boost::math::policies::default_policy, boost::math::policies::default_policy, boost::math::policies::default_policy, boost::math::policies::default_policy, boost::math::policies::default_policy>]’
 1708 |          result += log(upper_gamma_fraction(a, x, policies::get_epsilon<T, Policy>()));
      |                        ~~~~~~~~~~~~~~~~~~~~^~~~~~~~~~~~~~~~~~~~~~~~~~~~~~~~~~~~~~~~~~
/usr/local/lib/R/site-library/BH/include/boost/math/special_functions/gamma.hpp:2412:35:   required from ‘boost::math::tools::promote_args_t<RT1, RT2> boost::math::gamma_p(RT1, RT2, const Policy&) [with RT1 = double; RT2 = double; Policy = policies::policy<policies::overflow_error<boost::math::policies::errno_on_error>, policies::pole_error<boost::math::policies::errno_on_error>, policies::promote_double<false>, policies::digits2<0>, policies::default_policy, policies::default_policy, policies::default_policy, policies::default_policy, policies::default_policy, policies::default_policy, policies::default_policy, policies::default_policy, policies::default_policy>; tools::promote_args_t<RT1, RT2> = double]’
 2412 |       detail::gamma_incomplete_imp(static_cast<value_type>(a),
      |       ~~~~~~~~~~~~~~~~~~~~~~~~~~~~^~~~~~~~~~~~~~~~~~~~~~~~~~~~
 2413 |       static_cast<value_type>(z), true, false,
      |       ~~~~~~~~~~~~~~~~~~~~~~~~~~~~~~~~~~~~~~~~
 2414 |       forwarding_policy(), static_cast<value_type*>(nullptr)), "gamma_p<%1%>(%1%, %1%)");
      |       ~~~~~~~~~~~~~~~~~~~~~~~~~~~~~~~~~~~~~~~~~~~~~~~~~~~~~~~
/usr/local/lib/R/site-library/StanHeaders/include/stan/math/prim/fun/gamma_p.hpp:76:30:   required from here
   76 |   return boost::math::gamma_p(z, a, boost_policy_t<>());
      |          ~~~~~~~~~~~~~~~~~~~~^~~~~~~~~~~~~~~~~~~~~~~~~~
/usr/local/lib/R/site-library/BH/include/boost/math/special_functions/gamma.hpp:388:39: note: parameter passing for argument of type ‘std::pair<double, double>’ when C++17 is enabled changed to match C++14 in GCC 10.1
  388 |    BOOST_MATH_GPU_ENABLED result_type operator()()
      |                                       ^~~~~~~~
In file included from /usr/local/lib/R/site-library/StanHeaders/include/stan/math/prim/fun/owens_t.hpp:6,
                 from /usr/local/lib/R/site-library/StanHeaders/include/stan/math/prim/fun.hpp:239:
/usr/local/lib/R/site-library/BH/include/boost/math/special_functions/owens_t.hpp: In instantiation of ‘std::pair<_FIter, _FIter> boost::math::detail::owens_t_T1_accelerated(T, T, const Policy&) [with T = long double; Policy = boost::math::policies::policy<boost::math::policies::default_policy, boost::math::policies::default_policy, boost::math::policies::default_policy, boost::math::policies::default_policy, boost::math::policies::default_policy, boost::math::policies::default_policy, boost::math::policies::default_policy, boost::math::policies::default_policy, boost::math::policies::default_policy, boost::math::policies::default_policy, boost::math::policies::default_policy>]’:
/usr/local/lib/R/site-library/BH/include/boost/math/special_functions/owens_t.hpp:886:46:   required from ‘RealType boost::math::detail::owens_t_dispatch(RealType, RealType, RealType, const Policy&, const std::integral_constant<int, 65>&) [with RealType = long double; Policy = boost::math::policies::policy<boost::math::policies::default_policy, boost::math::policies::default_policy, boost::math::policies::default_policy, boost::math::policies::default_policy, boost::math::policies::default_policy, boost::math::policies::default_policy, boost::math::policies::default_policy, boost::math::policies::default_policy, boost::math::policies::default_policy, boost::math::policies::default_policy, boost::math::policies::default_policy>]’
  886 |                   p1 = owens_t_T1_accelerated(h, a, forwarding_policy());
      |                        ~~~~~~~~~~~~~~~~~~~~~~^~~~~~~~~~~~~~~~~~~~~~~~~~~
/usr/local/lib/R/site-library/BH/include/boost/math/special_functions/owens_t.hpp:991:36:   required from ‘RealType boost::math::detail::owens_t_dispatch(RealType, RealType, RealType, const Policy&) [with RealType = long double; Policy = boost::math::policies::policy<boost::math::policies::default_policy, boost::math::policies::default_policy, boost::math::policies::default_policy, boost::math::policies::default_policy, boost::math::policies::default_policy, boost::math::policies::default_policy, boost::math::policies::default_policy, boost::math::policies::default_policy, boost::math::policies::default_policy, boost::math::policies::default_policy, boost::math::policies::default_policy>]’
  991 |             return owens_t_dispatch(h, a, ah, pol, tag_type());
      |                    ~~~~~~~~~~~~~~~~^~~~~~~~~~~~~~~~~~~~~~~~~~~
/usr/local/lib/R/site-library/BH/include/boost/math/special_functions/owens_t.hpp:1012:38:   required from ‘RealType boost::math::detail::owens_t(RealType, RealType, const Policy&) [with RealType = long double; Policy = boost::math::policies::policy<boost::math::policies::default_policy, boost::math::policies::default_policy, boost::math::policies::default_policy, boost::math::policies::default_policy, boost::math::policies::default_policy, boost::math::policies::default_policy, boost::math::policies::default_policy, boost::math::policies::default_policy, boost::math::policies::default_policy, boost::math::policies::default_policy, boost::math::policies::default_policy>]’
 1012 |                val = owens_t_dispatch(h, fabs_a, fabs_ah, pol);
      |                      ~~~~~~~~~~~~~~~~^~~~~~~~~~~~~~~~~~~~~~~~~
/usr/local/lib/R/site-library/BH/include/boost/math/special_functions/owens_t.hpp:1049:86:   required from ‘boost::math::tools::promote_args_t<RT1, RT2> boost::math::owens_t(T1, T2, const Policy&) [with T1 = double; T2 = double; Policy = policies::policy<policies::default_policy, policies::default_policy, policies::default_policy, policies::default_policy, policies::default_policy, policies::default_policy, policies::default_policy, policies::default_policy, policies::default_policy, policies::default_policy, policies::default_policy>; tools::promote_args_t<RT1, RT2> = double]’
 1049 |          return policies::checked_narrowing_cast<result_type, Policy>(detail::owens_t(static_cast<value_type>(h), static_cast<value_type>(a), pol), "boost::math::owens_t<%1%>(%1%,%1%)");
      |                                                                       ~~~~~~~~~~~~~~~^~~~~~~~~~~~~~~~~~~~~~~~~~~~~~~~~~~~~~~~~~~~~~~~~~~~~~~~~~~~~
/usr/local/lib/R/site-library/BH/include/boost/math/special_functions/owens_t.hpp:1055:24:   required from ‘boost::math::tools::promote_args_t<RT1, RT2> boost::math::owens_t(T1, T2) [with T1 = double; T2 = double; tools::promote_args_t<RT1, RT2> = double]’
 1055 |          return owens_t(h, a, policies::policy<>());
      |                 ~~~~~~~^~~~~~~~~~~~~~~~~~~~~~~~~~~~
/usr/local/lib/R/site-library/StanHeaders/include/stan/math/prim/fun/owens_t.hpp:62:30:   required from here
   62 |   return boost::math::owens_t(h, a);
      |          ~~~~~~~~~~~~~~~~~~~~^~~~~~
/usr/local/lib/R/site-library/BH/include/boost/math/special_functions/owens_t.hpp:558:26: note: parameter passing for argument of type ‘std::pair<long double, long double>’ when C++17 is enabled changed to match C++14 in GCC 10.1
  558 |          std::pair<T, T> owens_t_T1_accelerated(T h, T a, const Policy& pol)
      |                          ^~~~~~~~~~~~~~~~~~~~~~
In file included from /usr/local/lib/R/site-library/BH/include/boost/math/special_functions/binomial.hpp:17:
/usr/local/lib/R/site-library/BH/include/boost/math/special_functions/beta.hpp: In instantiation of ‘boost::math::detail::ibeta_fraction2_t<T>::result_type boost::math::detail::ibeta_fraction2_t<T>::operator()() [with T = double; result_type = std::pair<double, double>]’:
/usr/local/lib/R/site-library/BH/include/boost/math/tools/fraction.hpp:134:20:   required from ‘typename boost::math::tools::detail::fraction_traits<Gen>::result_type boost::math::tools::detail::continued_fraction_b_impl(Gen&, const U&, uintmax_t&) [with Gen = boost::math::detail::ibeta_fraction2_t<double>; U = double; typename fraction_traits<Gen>::result_type = double; uintmax_t = long unsigned int]’
  134 |    value_type v = g();
      |                   ~^~
/usr/local/lib/R/site-library/BH/include/boost/math/tools/fraction.hpp:172:44:   required from ‘typename boost::math::tools::detail::fraction_traits<Gen>::result_type boost::math::tools::continued_fraction_b(Gen&, const U&, uintmax_t&) [with Gen = boost::math::detail::ibeta_fraction2_t<double>; U = double; typename detail::fraction_traits<Gen>::result_type = double; uintmax_t = long unsigned int]’
  172 |    return detail::continued_fraction_b_impl(g, factor, max_terms);
      |           ~~~~~~~~~~~~~~~~~~~~~~~~~~~~~~~~~^~~~~~~~~~~~~~~~~~~~~~
/usr/local/lib/R/site-library/BH/include/boost/math/special_functions/beta.hpp:860:54:   required from ‘T boost::math::detail::ibeta_fraction2(T, T, T, T, const Policy&, bool, T*) [with T = double; Policy = boost::math::policies::policy<boost::math::policies::pole_error<boost::math::policies::errno_on_error>, boost::math::policies::overflow_error<boost::math::policies::errno_on_error>, boost::math::policies::promote_float<false>, boost::math::policies::promote_double<false>, boost::math::policies::default_policy, boost::math::policies::default_policy, boost::math::policies::default_policy, boost::math::policies::default_policy, boost::math::policies::default_policy, boost::math::policies::default_policy, boost::math::policies::default_policy, boost::math::policies::default_policy, boost::math::policies::default_policy>]’
  860 |    T fract = boost::math::tools::continued_fraction_b(f, boost::math::policies::get_epsilon<T, Policy>(), max_terms);
      |              ~~~~~~~~~~~~~~~~~~~~~~~~~~~~~~~~~~~~~~~~^~~~~~~~~~~~~~~~~~~~~~~~~~~~~~~~~~~~~~~~~~~~~~~~~~~~~~~~~~~~~~~
/usr/local/lib/R/site-library/BH/include/boost/math/special_functions/beta.hpp:1567:36:   required from ‘T boost::math::detail::ibeta_imp(T, T, T, const Policy&, bool, bool, T*) [with T = double; Policy = boost::math::policies::policy<boost::math::policies::pole_error<boost::math::policies::errno_on_error>, boost::math::policies::overflow_error<boost::math::policies::errno_on_error>, boost::math::policies::promote_float<false>, boost::math::policies::promote_double<false>, boost::math::policies::default_policy, boost::math::policies::default_policy, boost::math::policies::default_policy, boost::math::policies::default_policy, boost::math::policies::default_policy, boost::math::policies::default_policy, boost::math::policies::default_policy, boost::math::policies::default_policy, boost::math::policies::default_policy>]’
 1567 |             fract = ibeta_fraction2(a, b, x, y, pol, normalised, p_derivative);
      |                     ~~~~~~~~~~~~~~~^~~~~~~~~~~~~~~~~~~~~~~~~~~~~~~~~~~~~~~~~~~
/usr/local/lib/R/site-library/BH/include/boost/math/special_functions/beta.hpp:1634:20:   required from ‘T boost::math::detail::ibeta_imp(T, T, T, const Policy&, bool, bool) [with T = double; Policy = boost::math::policies::policy<boost::math::policies::pole_error<boost::math::policies::errno_on_error>, boost::math::policies::overflow_error<boost::math::policies::errno_on_error>, boost::math::policies::promote_float<false>, boost::math::policies::promote_double<false>, boost::math::policies::default_policy, boost::math::policies::default_policy, boost::math::policies::default_policy, boost::math::policies::default_policy, boost::math::policies::default_policy, boost::math::policies::default_policy, boost::math::policies::default_policy, boost::math::policies::default_policy, boost::math::policies::default_policy>]’
 1634 |    return ibeta_imp(a, b, x, pol, inv, normalised, static_cast<T*>(nullptr));
      |           ~~~~~~~~~^~~~~~~~~~~~~~~~~~~~~~~~~~~~~~~~~~~~~~~~~~~~~~~~~~~~~~~~~
/usr/local/lib/R/site-library/BH/include/boost/math/special_functions/beta.hpp:1788:93:   required from ‘boost::math::tools::promote_args_t<RT1, RT2, A> boost::math::ibeta(RT1, RT2, RT3, const Policy&) [with RT1 = double; RT2 = double; RT3 = double; Policy = policies::policy<policies::overflow_error<boost::math::policies::errno_on_error>, policies::pole_error<boost::math::policies::errno_on_error>, policies::promote_double<false>, policies::digits2<0>, policies::default_policy, policies::default_policy, policies::default_policy, policies::default_policy, policies::default_policy, policies::default_policy, policies::default_policy, policies::default_policy, policies::default_policy>; tools::promote_args_t<RT1, RT2, A> = double]’
 1788 |    return policies::checked_narrowing_cast<result_type, forwarding_policy>(detail::ibeta_imp(static_cast<value_type>(a), static_cast<value_type>(b), static_cast<value_type>(x), forwarding_policy(), false, true), "boost::math::ibeta<%1%>(%1%,%1%,%1%)");
      |                                                                            ~~~~~~~~~~~~~~~~~^~~~~~~~~~~~~~~~~~~~~~~~~~~~~~~~~~~~~~~~~~~~~~~~~~~~~~~~~~~~~~~~~~~~~~~~~~~~~~~~~~~~~~~~~~~~~~~~~~~~~~~~~~~~~~~~~~~~~~
/usr/local/lib/R/site-library/StanHeaders/include/stan/math/prim/fun/inc_beta.hpp:29:28:   required from here
   29 |   return boost::math::ibeta(a, b, x, boost_policy_t<>());
      |          ~~~~~~~~~~~~~~~~~~^~~~~~~~~~~~~~~~~~~~~~~~~~~~~
/usr/local/lib/R/site-library/BH/include/boost/math/special_functions/beta.hpp:823:39: note: parameter passing for argument of type ‘std::pair<double, double>’ when C++17 is enabled changed to match C++14 in GCC 10.1
  823 |    BOOST_MATH_GPU_ENABLED result_type operator()()
      |                                       ^~~~~~~~
aarch64-linux-gnu-g++ -std=gnu++17 -shared -L/usr/lib/R/lib -Wl,-Bsymbolic-functions -Wl,--package-metadata=%7B%22type%22:%22deb%22%2C%22os%22:%22ubuntu%22%2C%22name%22:%22r-base%22%2C%22version%22:%224.6.1-6.2604.0%22%2C%22architecture%22:%22arm64%22%7D -flto=auto -ffat-lto-objects -Wl,-z,relro -o rxode2lincmt.so RcppExports.o host.o init.o linCmt.o macros2micros.o ptr.o rxDerived.o solComp.o -fopenmp -L/usr/lib/R/lib -lR
installing to /__w/linux-arm64-checks/linux-arm64-checks/mylib/00LOCK-rxode2lincmt/00new/rxode2lincmt/libs
** R
** inst
** byte-compile and prepare package for lazy loading
** help
*** installing help indices
** building package indices
** testing if installed package can be loaded from temporary location
** checking absolute paths in shared objects and dynamic libraries
** testing if installed package can be loaded from final location
** testing if installed package keeps a record of temporary installation path
* DONE (rxode2lincmt)
