* installing *source* package ‘polyglotSQL’ ...
** this is package ‘polyglotSQL’ version ‘0.1.1’
** package ‘polyglotSQL’ successfully unpacked and MD5 sums checked
** using staged installation
Using cargo 1.93.1 (083ac5135 2025-12-15) (built from a source tarball)
Using rustc 1.93.1 (01f6ddf75 2026-02-11) (built from a source tarball)
Building for CRAN.
Writing `src/Makevars`.
`tools/config.R` has finished.
** libs
using C compiler: ‘aarch64-linux-gnu-gcc (Ubuntu 15.2.0-16ubuntu1) 15.2.0’
aarch64-linux-gnu-gcc -I"/usr/share/R/include" -DNDEBUG       -fPIC  -g -O2 -fno-omit-frame-pointer -mno-omit-leaf-frame-pointer -ffile-prefix-map=/build/r-base-G8rfbz/r-base-4.6.1=. -fstack-protector-strong -fstack-clash-protection -Wformat -Werror=format-security -mbranch-protection=standard -fdebug-prefix-map=/build/r-base-G8rfbz/r-base-4.6.1=/usr/src/r-base-4.6.1-6.2604.0 -Wdate-time -D_FORTIFY_SOURCE=3  -c entrypoint.c -o entrypoint.o
if [ -d ./vendor ]; then \
	echo "=== Using offline vendor directory ==="; \
	mkdir -p /tmp/RtmpzUtmvu/R.INSTALL9986e4a7ed7/polyglotSQL/src/.cargo && \
	cp rust/vendor-config.toml /tmp/RtmpzUtmvu/R.INSTALL9986e4a7ed7/polyglotSQL/src/.cargo/config.toml; \
elif [ -f ./rust/vendor.tar.xz ]; then \
	echo "=== Using offline vendor tarball ==="; \
	tar xf rust/vendor.tar.xz && \
	mkdir -p /tmp/RtmpzUtmvu/R.INSTALL9986e4a7ed7/polyglotSQL/src/.cargo && \
	cp rust/vendor-config.toml /tmp/RtmpzUtmvu/R.INSTALL9986e4a7ed7/polyglotSQL/src/.cargo/config.toml; \
fi
=== Using offline vendor tarball ===
tar: Ignoring unknown extended header keyword 'LIBARCHIVE.xattr.com.apple.provenance'
tar: Ignoring unknown extended header keyword 'LIBARCHIVE.xattr.com.apple.provenance'
tar: Ignoring unknown extended header keyword 'LIBARCHIVE.xattr.com.apple.provenance'
tar: Ignoring unknown extended header keyword 'LIBARCHIVE.xattr.com.apple.provenance'
tar: Ignoring unknown extended header keyword 'LIBARCHIVE.xattr.com.apple.provenance'
tar: Ignoring unknown extended header keyword 'LIBARCHIVE.xattr.com.apple.provenance'
tar: Ignoring unknown extended header keyword 'LIBARCHIVE.xattr.com.apple.provenance'
tar: Ignoring unknown extended header keyword 'LIBARCHIVE.xattr.com.apple.provenance'
tar: Ignoring unknown extended header keyword 'LIBARCHIVE.xattr.com.apple.provenance'
tar: Ignoring unknown extended header keyword 'LIBARCHIVE.xattr.com.apple.provenance'
tar: Ignoring unknown extended header keyword 'LIBARCHIVE.xattr.com.apple.provenance'
tar: Ignoring unknown extended header keyword 'LIBARCHIVE.xattr.com.apple.provenance'
tar: Ignoring unknown extended header keyword 'LIBARCHIVE.xattr.com.apple.provenance'
tar: Ignoring unknown extended header keyword 'LIBARCHIVE.xattr.com.apple.provenance'
tar: Ignoring unknown extended header keyword 'LIBARCHIVE.xattr.com.apple.provenance'
tar: Ignoring unknown extended header keyword 'LIBARCHIVE.xattr.com.apple.provenance'
tar: Ignoring unknown extended header keyword 'LIBARCHIVE.xattr.com.apple.provenance'
tar: Ignoring unknown extended header keyword 'LIBARCHIVE.xattr.com.apple.provenance'
tar: Ignoring unknown extended header keyword 'LIBARCHIVE.xattr.com.apple.provenance'
tar: Ignoring unknown extended header keyword 'LIBARCHIVE.xattr.com.apple.provenance'
tar: Ignoring unknown extended header keyword 'LIBARCHIVE.xattr.com.apple.provenance'
tar: Ignoring unknown extended header keyword 'LIBARCHIVE.xattr.com.apple.provenance'
tar: Ignoring unknown extended header keyword 'LIBARCHIVE.xattr.com.apple.provenance'
tar: Ignoring unknown extended header keyword 'LIBARCHIVE.xattr.com.apple.provenance'
tar: Ignoring unknown extended header keyword 'LIBARCHIVE.xattr.com.apple.provenance'
tar: Ignoring unknown extended header keyword 'LIBARCHIVE.xattr.com.apple.provenance'
tar: Ignoring unknown extended header keyword 'LIBARCHIVE.xattr.com.apple.provenance'
tar: Ignoring unknown extended header keyword 'LIBARCHIVE.xattr.com.apple.provenance'
tar: Ignoring unknown extended header keyword 'LIBARCHIVE.xattr.com.apple.provenance'
tar: Ignoring unknown extended header keyword 'LIBARCHIVE.xattr.com.apple.provenance'
tar: Ignoring unknown extended header keyword 'LIBARCHIVE.xattr.com.apple.provenance'
tar: Ignoring unknown extended header keyword 'LIBARCHIVE.xattr.com.apple.provenance'
tar: Ignoring unknown extended header keyword 'LIBARCHIVE.xattr.com.apple.provenance'
tar: Ignoring unknown extended header keyword 'LIBARCHIVE.xattr.com.apple.provenance'
tar: Ignoring unknown extended header keyword 'LIBARCHIVE.xattr.com.apple.provenance'
tar: Ignoring unknown extended header keyword 'LIBARCHIVE.xattr.com.apple.provenance'
tar: Ignoring unknown extended header keyword 'LIBARCHIVE.xattr.com.apple.provenance'
tar: Ignoring unknown extended header keyword 'LIBARCHIVE.xattr.com.apple.provenance'
tar: Ignoring unknown extended header keyword 'LIBARCHIVE.xattr.com.apple.provenance'
tar: Ignoring unknown extended header keyword 'LIBARCHIVE.xattr.com.apple.provenance'
tar: Ignoring unknown extended header keyword 'LIBARCHIVE.xattr.com.apple.provenance'
tar: Ignoring unknown extended header keyword 'LIBARCHIVE.xattr.com.apple.provenance'
tar: Ignoring unknown extended header keyword 'LIBARCHIVE.xattr.com.apple.provenance'
tar: Ignoring unknown extended header keyword 'LIBARCHIVE.xattr.com.apple.provenance'
tar: Ignoring unknown extended header keyword 'LIBARCHIVE.xattr.com.apple.provenance'
tar: Ignoring unknown extended header keyword 'LIBARCHIVE.xattr.com.apple.provenance'
tar: Ignoring unknown extended header keyword 'LIBARCHIVE.xattr.com.apple.provenance'
tar: Ignoring unknown extended header keyword 'LIBARCHIVE.xattr.com.apple.provenance'
tar: Ignoring unknown extended header keyword 'LIBARCHIVE.xattr.com.apple.provenance'
tar: Ignoring unknown extended header keyword 'LIBARCHIVE.xattr.com.apple.provenance'
tar: Ignoring unknown extended header keyword 'LIBARCHIVE.xattr.com.apple.provenance'
tar: Ignoring unknown extended header keyword 'LIBARCHIVE.xattr.com.apple.provenance'
tar: Ignoring unknown extended header keyword 'LIBARCHIVE.xattr.com.apple.provenance'
tar: Ignoring unknown extended header keyword 'LIBARCHIVE.xattr.com.apple.provenance'
tar: Ignoring unknown extended header keyword 'LIBARCHIVE.xattr.com.apple.provenance'
tar: Ignoring unknown extended header keyword 'LIBARCHIVE.xattr.com.apple.provenance'
tar: Ignoring unknown extended header keyword 'LIBARCHIVE.xattr.com.apple.provenance'
tar: Ignoring unknown extended header keyword 'LIBARCHIVE.xattr.com.apple.provenance'
tar: Ignoring unknown extended header keyword 'LIBARCHIVE.xattr.com.apple.provenance'
tar: Ignoring unknown extended header keyword 'LIBARCHIVE.xattr.com.apple.provenance'
tar: Ignoring unknown extended header keyword 'LIBARCHIVE.xattr.com.apple.provenance'
tar: Ignoring unknown extended header keyword 'LIBARCHIVE.xattr.com.apple.provenance'
tar: Ignoring unknown extended header keyword 'LIBARCHIVE.xattr.com.apple.provenance'
tar: Ignoring unknown extended header keyword 'LIBARCHIVE.xattr.com.apple.provenance'
tar: Ignoring unknown extended header keyword 'LIBARCHIVE.xattr.com.apple.provenance'
tar: Ignoring unknown extended header keyword 'LIBARCHIVE.xattr.com.apple.provenance'
tar: Ignoring unknown extended header keyword 'LIBARCHIVE.xattr.com.apple.provenance'
tar: Ignoring unknown extended header keyword 'LIBARCHIVE.xattr.com.apple.provenance'
tar: Ignoring unknown extended header keyword 'LIBARCHIVE.xattr.com.apple.provenance'
tar: Ignoring unknown extended header keyword 'LIBARCHIVE.xattr.com.apple.provenance'
tar: Ignoring unknown extended header keyword 'LIBARCHIVE.xattr.com.apple.provenance'
tar: Ignoring unknown extended header keyword 'LIBARCHIVE.xattr.com.apple.provenance'
tar: Ignoring unknown extended header keyword 'LIBARCHIVE.xattr.com.apple.provenance'
tar: Ignoring unknown extended header keyword 'LIBARCHIVE.xattr.com.apple.provenance'
tar: Ignoring unknown extended header keyword 'LIBARCHIVE.xattr.com.apple.provenance'
tar: Ignoring unknown extended header keyword 'LIBARCHIVE.xattr.com.apple.provenance'
tar: Ignoring unknown extended header keyword 'LIBARCHIVE.xattr.com.apple.provenance'
tar: Ignoring unknown extended header keyword 'LIBARCHIVE.xattr.com.apple.provenance'
tar: Ignoring unknown extended header keyword 'LIBARCHIVE.xattr.com.apple.provenance'
tar: Ignoring unknown extended header keyword 'LIBARCHIVE.xattr.com.apple.provenance'
tar: Ignoring unknown extended header keyword 'LIBARCHIVE.xattr.com.apple.provenance'
tar: Ignoring unknown extended header keyword 'LIBARCHIVE.xattr.com.apple.provenance'
tar: Ignoring unknown extended header keyword 'LIBARCHIVE.xattr.com.apple.provenance'
tar: Ignoring unknown extended header keyword 'LIBARCHIVE.xattr.com.apple.provenance'
tar: Ignoring unknown extended header keyword 'LIBARCHIVE.xattr.com.apple.provenance'
tar: Ignoring unknown extended header keyword 'LIBARCHIVE.xattr.com.apple.provenance'
tar: Ignoring unknown extended header keyword 'LIBARCHIVE.xattr.com.apple.provenance'
tar: Ignoring unknown extended header keyword 'LIBARCHIVE.xattr.com.apple.provenance'
tar: Ignoring unknown extended header keyword 'LIBARCHIVE.xattr.com.apple.provenance'
tar: Ignoring unknown extended header keyword 'LIBARCHIVE.xattr.com.apple.provenance'
tar: Ignoring unknown extended header keyword 'LIBARCHIVE.xattr.com.apple.provenance'
tar: Ignoring unknown extended header keyword 'LIBARCHIVE.xattr.com.apple.provenance'
tar: Ignoring unknown extended header keyword 'LIBARCHIVE.xattr.com.apple.provenance'
tar: Ignoring unknown extended header keyword 'LIBARCHIVE.xattr.com.apple.provenance'
tar: Ignoring unknown extended header keyword 'LIBARCHIVE.xattr.com.apple.provenance'
tar: Ignoring unknown extended header keyword 'LIBARCHIVE.xattr.com.apple.provenance'
tar: Ignoring unknown extended header keyword 'LIBARCHIVE.xattr.com.apple.provenance'
tar: Ignoring unknown extended header keyword 'LIBARCHIVE.xattr.com.apple.provenance'
tar: Ignoring unknown extended header keyword 'LIBARCHIVE.xattr.com.apple.provenance'
tar: Ignoring unknown extended header keyword 'LIBARCHIVE.xattr.com.apple.provenance'
tar: Ignoring unknown extended header keyword 'LIBARCHIVE.xattr.com.apple.provenance'
tar: Ignoring unknown extended header keyword 'LIBARCHIVE.xattr.com.apple.provenance'
tar: Ignoring unknown extended header keyword 'LIBARCHIVE.xattr.com.apple.provenance'
tar: Ignoring unknown extended header keyword 'LIBARCHIVE.xattr.com.apple.provenance'
tar: Ignoring unknown extended header keyword 'LIBARCHIVE.xattr.com.apple.provenance'
tar: Ignoring unknown extended header keyword 'LIBARCHIVE.xattr.com.apple.provenance'
tar: Ignoring unknown extended header keyword 'LIBARCHIVE.xattr.com.apple.provenance'
tar: Ignoring unknown extended header keyword 'LIBARCHIVE.xattr.com.apple.provenance'
tar: Ignoring unknown extended header keyword 'LIBARCHIVE.xattr.com.apple.provenance'
tar: Ignoring unknown extended header keyword 'LIBARCHIVE.xattr.com.apple.provenance'
tar: Ignoring unknown extended header keyword 'LIBARCHIVE.xattr.com.apple.provenance'
tar: Ignoring unknown extended header keyword 'LIBARCHIVE.xattr.com.apple.provenance'
tar: Ignoring unknown extended header keyword 'LIBARCHIVE.xattr.com.apple.provenance'
tar: Ignoring unknown extended header keyword 'LIBARCHIVE.xattr.com.apple.provenance'
tar: Ignoring unknown extended header keyword 'LIBARCHIVE.xattr.com.apple.provenance'
tar: Ignoring unknown extended header keyword 'LIBARCHIVE.xattr.com.apple.provenance'
tar: Ignoring unknown extended header keyword 'LIBARCHIVE.xattr.com.apple.provenance'
tar: Ignoring unknown extended header keyword 'LIBARCHIVE.xattr.com.apple.provenance'
tar: Ignoring unknown extended header keyword 'LIBARCHIVE.xattr.com.apple.provenance'
tar: Ignoring unknown extended header keyword 'LIBARCHIVE.xattr.com.apple.provenance'
tar: Ignoring unknown extended header keyword 'LIBARCHIVE.xattr.com.apple.provenance'
tar: Ignoring unknown extended header keyword 'LIBARCHIVE.xattr.com.apple.provenance'
tar: Ignoring unknown extended header keyword 'LIBARCHIVE.xattr.com.apple.provenance'
tar: Ignoring unknown extended header keyword 'LIBARCHIVE.xattr.com.apple.provenance'
tar: Ignoring unknown extended header keyword 'LIBARCHIVE.xattr.com.apple.provenance'
tar: Ignoring unknown extended header keyword 'LIBARCHIVE.xattr.com.apple.provenance'
tar: Ignoring unknown extended header keyword 'LIBARCHIVE.xattr.com.apple.provenance'
tar: Ignoring unknown extended header keyword 'LIBARCHIVE.xattr.com.apple.provenance'
tar: Ignoring unknown extended header keyword 'LIBARCHIVE.xattr.com.apple.provenance'
tar: Ignoring unknown extended header keyword 'LIBARCHIVE.xattr.com.apple.provenance'
tar: Ignoring unknown extended header keyword 'LIBARCHIVE.xattr.com.apple.provenance'
tar: Ignoring unknown extended header keyword 'LIBARCHIVE.xattr.com.apple.provenance'
tar: Ignoring unknown extended header keyword 'LIBARCHIVE.xattr.com.apple.provenance'
tar: Ignoring unknown extended header keyword 'LIBARCHIVE.xattr.com.apple.provenance'
tar: Ignoring unknown extended header keyword 'LIBARCHIVE.xattr.com.apple.provenance'
tar: Ignoring unknown extended header keyword 'LIBARCHIVE.xattr.com.apple.provenance'
tar: Ignoring unknown extended header keyword 'LIBARCHIVE.xattr.com.apple.provenance'
tar: Ignoring unknown extended header keyword 'LIBARCHIVE.xattr.com.apple.provenance'
tar: Ignoring unknown extended header keyword 'LIBARCHIVE.xattr.com.apple.provenance'
tar: Ignoring unknown extended header keyword 'LIBARCHIVE.xattr.com.apple.provenance'
tar: Ignoring unknown extended header keyword 'LIBARCHIVE.xattr.com.apple.provenance'
tar: Ignoring unknown extended header keyword 'LIBARCHIVE.xattr.com.apple.provenance'
tar: Ignoring unknown extended header keyword 'LIBARCHIVE.xattr.com.apple.provenance'
tar: Ignoring unknown extended header keyword 'LIBARCHIVE.xattr.com.apple.provenance'
tar: Ignoring unknown extended header keyword 'LIBARCHIVE.xattr.com.apple.provenance'
tar: Ignoring unknown extended header keyword 'LIBARCHIVE.xattr.com.apple.provenance'
tar: Ignoring unknown extended header keyword 'LIBARCHIVE.xattr.com.apple.provenance'
tar: Ignoring unknown extended header keyword 'LIBARCHIVE.xattr.com.apple.provenance'
tar: Ignoring unknown extended header keyword 'LIBARCHIVE.xattr.com.apple.provenance'
tar: Ignoring unknown extended header keyword 'LIBARCHIVE.xattr.com.apple.provenance'
tar: Ignoring unknown extended header keyword 'LIBARCHIVE.xattr.com.apple.provenance'
tar: Ignoring unknown extended header keyword 'LIBARCHIVE.xattr.com.apple.provenance'
tar: Ignoring unknown extended header keyword 'LIBARCHIVE.xattr.com.apple.provenance'
tar: Ignoring unknown extended header keyword 'LIBARCHIVE.xattr.com.apple.provenance'
tar: Ignoring unknown extended header keyword 'LIBARCHIVE.xattr.com.apple.provenance'
tar: Ignoring unknown extended header keyword 'LIBARCHIVE.xattr.com.apple.provenance'
tar: Ignoring unknown extended header keyword 'LIBARCHIVE.xattr.com.apple.provenance'
tar: Ignoring unknown extended header keyword 'LIBARCHIVE.xattr.com.apple.provenance'
tar: Ignoring unknown extended header keyword 'LIBARCHIVE.xattr.com.apple.provenance'
tar: Ignoring unknown extended header keyword 'LIBARCHIVE.xattr.com.apple.provenance'
tar: Ignoring unknown extended header keyword 'LIBARCHIVE.xattr.com.apple.provenance'
tar: Ignoring unknown extended header keyword 'LIBARCHIVE.xattr.com.apple.provenance'
tar: Ignoring unknown extended header keyword 'LIBARCHIVE.xattr.com.apple.provenance'
tar: Ignoring unknown extended header keyword 'LIBARCHIVE.xattr.com.apple.provenance'
tar: Ignoring unknown extended header keyword 'LIBARCHIVE.xattr.com.apple.provenance'
tar: Ignoring unknown extended header keyword 'LIBARCHIVE.xattr.com.apple.provenance'
tar: Ignoring unknown extended header keyword 'LIBARCHIVE.xattr.com.apple.provenance'
tar: Ignoring unknown extended header keyword 'LIBARCHIVE.xattr.com.apple.provenance'
tar: Ignoring unknown extended header keyword 'LIBARCHIVE.xattr.com.apple.provenance'
tar: Ignoring unknown extended header keyword 'LIBARCHIVE.xattr.com.apple.provenance'
tar: Ignoring unknown extended header keyword 'LIBARCHIVE.xattr.com.apple.provenance'
tar: Ignoring unknown extended header keyword 'LIBARCHIVE.xattr.com.apple.provenance'
tar: Ignoring unknown extended header keyword 'LIBARCHIVE.xattr.com.apple.provenance'
tar: Ignoring unknown extended header keyword 'LIBARCHIVE.xattr.com.apple.provenance'
tar: Ignoring unknown extended header keyword 'LIBARCHIVE.xattr.com.apple.provenance'
tar: Ignoring unknown extended header keyword 'LIBARCHIVE.xattr.com.apple.provenance'
tar: Ignoring unknown extended header keyword 'LIBARCHIVE.xattr.com.apple.provenance'
tar: Ignoring unknown extended header keyword 'LIBARCHIVE.xattr.com.apple.provenance'
tar: Ignoring unknown extended header keyword 'LIBARCHIVE.xattr.com.apple.provenance'
tar: Ignoring unknown extended header keyword 'LIBARCHIVE.xattr.com.apple.provenance'
tar: Ignoring unknown extended header keyword 'LIBARCHIVE.xattr.com.apple.provenance'
tar: Ignoring unknown extended header keyword 'LIBARCHIVE.xattr.com.apple.provenance'
tar: Ignoring unknown extended header keyword 'LIBARCHIVE.xattr.com.apple.provenance'
tar: Ignoring unknown extended header keyword 'LIBARCHIVE.xattr.com.apple.provenance'
tar: Ignoring unknown extended header keyword 'LIBARCHIVE.xattr.com.apple.provenance'
tar: Ignoring unknown extended header keyword 'LIBARCHIVE.xattr.com.apple.provenance'
tar: Ignoring unknown extended header keyword 'LIBARCHIVE.xattr.com.apple.provenance'
tar: Ignoring unknown extended header keyword 'LIBARCHIVE.xattr.com.apple.provenance'
tar: Ignoring unknown extended header keyword 'LIBARCHIVE.xattr.com.apple.provenance'
tar: Ignoring unknown extended header keyword 'LIBARCHIVE.xattr.com.apple.provenance'
tar: Ignoring unknown extended header keyword 'LIBARCHIVE.xattr.com.apple.provenance'
tar: Ignoring unknown extended header keyword 'LIBARCHIVE.xattr.com.apple.provenance'
tar: Ignoring unknown extended header keyword 'LIBARCHIVE.xattr.com.apple.provenance'
tar: Ignoring unknown extended header keyword 'LIBARCHIVE.xattr.com.apple.provenance'
tar: Ignoring unknown extended header keyword 'LIBARCHIVE.xattr.com.apple.provenance'
tar: Ignoring unknown extended header keyword 'LIBARCHIVE.xattr.com.apple.provenance'
tar: Ignoring unknown extended header keyword 'LIBARCHIVE.xattr.com.apple.provenance'
tar: Ignoring unknown extended header keyword 'LIBARCHIVE.xattr.com.apple.provenance'
tar: Ignoring unknown extended header keyword 'LIBARCHIVE.xattr.com.apple.provenance'
tar: Ignoring unknown extended header keyword 'LIBARCHIVE.xattr.com.apple.provenance'
tar: Ignoring unknown extended header keyword 'LIBARCHIVE.xattr.com.apple.provenance'
tar: Ignoring unknown extended header keyword 'LIBARCHIVE.xattr.com.apple.provenance'
tar: Ignoring unknown extended header keyword 'LIBARCHIVE.xattr.com.apple.provenance'
tar: Ignoring unknown extended header keyword 'LIBARCHIVE.xattr.com.apple.provenance'
tar: Ignoring unknown extended header keyword 'LIBARCHIVE.xattr.com.apple.provenance'
tar: Ignoring unknown extended header keyword 'LIBARCHIVE.xattr.com.apple.provenance'
tar: Ignoring unknown extended header keyword 'LIBARCHIVE.xattr.com.apple.provenance'
tar: Ignoring unknown extended header keyword 'LIBARCHIVE.xattr.com.apple.provenance'
tar: Ignoring unknown extended header keyword 'LIBARCHIVE.xattr.com.apple.provenance'
tar: Ignoring unknown extended header keyword 'LIBARCHIVE.xattr.com.apple.provenance'
tar: Ignoring unknown extended header keyword 'LIBARCHIVE.xattr.com.apple.provenance'
tar: Ignoring unknown extended header keyword 'LIBARCHIVE.xattr.com.apple.provenance'
tar: Ignoring unknown extended header keyword 'LIBARCHIVE.xattr.com.apple.provenance'
tar: Ignoring unknown extended header keyword 'LIBARCHIVE.xattr.com.apple.provenance'
tar: Ignoring unknown extended header keyword 'LIBARCHIVE.xattr.com.apple.provenance'
tar: Ignoring unknown extended header keyword 'LIBARCHIVE.xattr.com.apple.provenance'
tar: Ignoring unknown extended header keyword 'LIBARCHIVE.xattr.com.apple.provenance'
tar: Ignoring unknown extended header keyword 'LIBARCHIVE.xattr.com.apple.provenance'
tar: Ignoring unknown extended header keyword 'LIBARCHIVE.xattr.com.apple.provenance'
tar: Ignoring unknown extended header keyword 'LIBARCHIVE.xattr.com.apple.provenance'
tar: Ignoring unknown extended header keyword 'LIBARCHIVE.xattr.com.apple.provenance'
tar: Ignoring unknown extended header keyword 'LIBARCHIVE.xattr.com.apple.provenance'
tar: Ignoring unknown extended header keyword 'LIBARCHIVE.xattr.com.apple.provenance'
tar: Ignoring unknown extended header keyword 'LIBARCHIVE.xattr.com.apple.provenance'
tar: Ignoring unknown extended header keyword 'LIBARCHIVE.xattr.com.apple.provenance'
tar: Ignoring unknown extended header keyword 'LIBARCHIVE.xattr.com.apple.provenance'
tar: Ignoring unknown extended header keyword 'LIBARCHIVE.xattr.com.apple.provenance'
tar: Ignoring unknown extended header keyword 'LIBARCHIVE.xattr.com.apple.provenance'
tar: Ignoring unknown extended header keyword 'LIBARCHIVE.xattr.com.apple.provenance'
tar: Ignoring unknown extended header keyword 'LIBARCHIVE.xattr.com.apple.provenance'
tar: Ignoring unknown extended header keyword 'LIBARCHIVE.xattr.com.apple.provenance'
tar: Ignoring unknown extended header keyword 'LIBARCHIVE.xattr.com.apple.provenance'
tar: Ignoring unknown extended header keyword 'LIBARCHIVE.xattr.com.apple.provenance'
tar: Ignoring unknown extended header keyword 'LIBARCHIVE.xattr.com.apple.provenance'
tar: Ignoring unknown extended header keyword 'LIBARCHIVE.xattr.com.apple.provenance'
tar: Ignoring unknown extended header keyword 'LIBARCHIVE.xattr.com.apple.provenance'
tar: Ignoring unknown extended header keyword 'LIBARCHIVE.xattr.com.apple.provenance'
tar: Ignoring unknown extended header keyword 'LIBARCHIVE.xattr.com.apple.provenance'
tar: Ignoring unknown extended header keyword 'LIBARCHIVE.xattr.com.apple.provenance'
tar: Ignoring unknown extended header keyword 'LIBARCHIVE.xattr.com.apple.provenance'
tar: Ignoring unknown extended header keyword 'LIBARCHIVE.xattr.com.apple.provenance'
tar: Ignoring unknown extended header keyword 'LIBARCHIVE.xattr.com.apple.provenance'
tar: Ignoring unknown extended header keyword 'LIBARCHIVE.xattr.com.apple.provenance'
tar: Ignoring unknown extended header keyword 'LIBARCHIVE.xattr.com.apple.provenance'
tar: Ignoring unknown extended header keyword 'LIBARCHIVE.xattr.com.apple.provenance'
tar: Ignoring unknown extended header keyword 'LIBARCHIVE.xattr.com.apple.provenance'
tar: Ignoring unknown extended header keyword 'LIBARCHIVE.xattr.com.apple.provenance'
tar: Ignoring unknown extended header keyword 'LIBARCHIVE.xattr.com.apple.provenance'
tar: Ignoring unknown extended header keyword 'LIBARCHIVE.xattr.com.apple.provenance'
tar: Ignoring unknown extended header keyword 'LIBARCHIVE.xattr.com.apple.provenance'
tar: Ignoring unknown extended header keyword 'LIBARCHIVE.xattr.com.apple.provenance'
tar: Ignoring unknown extended header keyword 'LIBARCHIVE.xattr.com.apple.provenance'
tar: Ignoring unknown extended header keyword 'LIBARCHIVE.xattr.com.apple.provenance'
tar: Ignoring unknown extended header keyword 'LIBARCHIVE.xattr.com.apple.provenance'
tar: Ignoring unknown extended header keyword 'LIBARCHIVE.xattr.com.apple.provenance'
tar: Ignoring unknown extended header keyword 'LIBARCHIVE.xattr.com.apple.provenance'
tar: Ignoring unknown extended header keyword 'LIBARCHIVE.xattr.com.apple.provenance'
tar: Ignoring unknown extended header keyword 'LIBARCHIVE.xattr.com.apple.provenance'
tar: Ignoring unknown extended header keyword 'LIBARCHIVE.xattr.com.apple.provenance'
tar: Ignoring unknown extended header keyword 'LIBARCHIVE.xattr.com.apple.provenance'
tar: Ignoring unknown extended header keyword 'LIBARCHIVE.xattr.com.apple.provenance'
tar: Ignoring unknown extended header keyword 'LIBARCHIVE.xattr.com.apple.provenance'
tar: Ignoring unknown extended header keyword 'LIBARCHIVE.xattr.com.apple.provenance'
tar: Ignoring unknown extended header keyword 'LIBARCHIVE.xattr.com.apple.provenance'
tar: Ignoring unknown extended header keyword 'LIBARCHIVE.xattr.com.apple.provenance'
tar: Ignoring unknown extended header keyword 'LIBARCHIVE.xattr.com.apple.provenance'
tar: Ignoring unknown extended header keyword 'LIBARCHIVE.xattr.com.apple.provenance'
tar: Ignoring unknown extended header keyword 'LIBARCHIVE.xattr.com.apple.provenance'
tar: Ignoring unknown extended header keyword 'LIBARCHIVE.xattr.com.apple.provenance'
tar: Ignoring unknown extended header keyword 'LIBARCHIVE.xattr.com.apple.provenance'
tar: Ignoring unknown extended header keyword 'LIBARCHIVE.xattr.com.apple.provenance'
tar: Ignoring unknown extended header keyword 'LIBARCHIVE.xattr.com.apple.provenance'
tar: Ignoring unknown extended header keyword 'LIBARCHIVE.xattr.com.apple.provenance'
tar: Ignoring unknown extended header keyword 'LIBARCHIVE.xattr.com.apple.provenance'
tar: Ignoring unknown extended header keyword 'LIBARCHIVE.xattr.com.apple.provenance'
tar: Ignoring unknown extended header keyword 'LIBARCHIVE.xattr.com.apple.provenance'
tar: Ignoring unknown extended header keyword 'LIBARCHIVE.xattr.com.apple.provenance'
tar: Ignoring unknown extended header keyword 'LIBARCHIVE.xattr.com.apple.provenance'
tar: Ignoring unknown extended header keyword 'LIBARCHIVE.xattr.com.apple.provenance'
tar: Ignoring unknown extended header keyword 'LIBARCHIVE.xattr.com.apple.provenance'
tar: Ignoring unknown extended header keyword 'LIBARCHIVE.xattr.com.apple.provenance'
tar: Ignoring unknown extended header keyword 'LIBARCHIVE.xattr.com.apple.provenance'
tar: Ignoring unknown extended header keyword 'LIBARCHIVE.xattr.com.apple.provenance'
tar: Ignoring unknown extended header keyword 'LIBARCHIVE.xattr.com.apple.provenance'
tar: Ignoring unknown extended header keyword 'LIBARCHIVE.xattr.com.apple.provenance'
tar: Ignoring unknown extended header keyword 'LIBARCHIVE.xattr.com.apple.provenance'
tar: Ignoring unknown extended header keyword 'LIBARCHIVE.xattr.com.apple.provenance'
tar: Ignoring unknown extended header keyword 'LIBARCHIVE.xattr.com.apple.provenance'
tar: Ignoring unknown extended header keyword 'LIBARCHIVE.xattr.com.apple.provenance'
tar: Ignoring unknown extended header keyword 'LIBARCHIVE.xattr.com.apple.provenance'
tar: Ignoring unknown extended header keyword 'LIBARCHIVE.xattr.com.apple.provenance'
tar: Ignoring unknown extended header keyword 'LIBARCHIVE.xattr.com.apple.provenance'
tar: Ignoring unknown extended header keyword 'LIBARCHIVE.xattr.com.apple.provenance'
tar: Ignoring unknown extended header keyword 'LIBARCHIVE.xattr.com.apple.provenance'
tar: Ignoring unknown extended header keyword 'LIBARCHIVE.xattr.com.apple.provenance'
tar: Ignoring unknown extended header keyword 'LIBARCHIVE.xattr.com.apple.provenance'
tar: Ignoring unknown extended header keyword 'LIBARCHIVE.xattr.com.apple.provenance'
tar: Ignoring unknown extended header keyword 'LIBARCHIVE.xattr.com.apple.provenance'
tar: Ignoring unknown extended header keyword 'LIBARCHIVE.xattr.com.apple.provenance'
tar: Ignoring unknown extended header keyword 'LIBARCHIVE.xattr.com.apple.provenance'
tar: Ignoring unknown extended header keyword 'LIBARCHIVE.xattr.com.apple.provenance'
tar: Ignoring unknown extended header keyword 'LIBARCHIVE.xattr.com.apple.provenance'
tar: Ignoring unknown extended header keyword 'LIBARCHIVE.xattr.com.apple.provenance'
tar: Ignoring unknown extended header keyword 'LIBARCHIVE.xattr.com.apple.provenance'
tar: Ignoring unknown extended header keyword 'LIBARCHIVE.xattr.com.apple.provenance'
tar: Ignoring unknown extended header keyword 'LIBARCHIVE.xattr.com.apple.provenance'
tar: Ignoring unknown extended header keyword 'LIBARCHIVE.xattr.com.apple.provenance'
tar: Ignoring unknown extended header keyword 'LIBARCHIVE.xattr.com.apple.provenance'
tar: Ignoring unknown extended header keyword 'LIBARCHIVE.xattr.com.apple.provenance'
tar: Ignoring unknown extended header keyword 'LIBARCHIVE.xattr.com.apple.provenance'
tar: Ignoring unknown extended header keyword 'LIBARCHIVE.xattr.com.apple.provenance'
tar: Ignoring unknown extended header keyword 'LIBARCHIVE.xattr.com.apple.provenance'
tar: Ignoring unknown extended header keyword 'LIBARCHIVE.xattr.com.apple.provenance'
tar: Ignoring unknown extended header keyword 'LIBARCHIVE.xattr.com.apple.provenance'
tar: Ignoring unknown extended header keyword 'LIBARCHIVE.xattr.com.apple.provenance'
tar: Ignoring unknown extended header keyword 'LIBARCHIVE.xattr.com.apple.provenance'
tar: Ignoring unknown extended header keyword 'LIBARCHIVE.xattr.com.apple.provenance'
tar: Ignoring unknown extended header keyword 'LIBARCHIVE.xattr.com.apple.provenance'
tar: Ignoring unknown extended header keyword 'LIBARCHIVE.xattr.com.apple.provenance'
tar: Ignoring unknown extended header keyword 'LIBARCHIVE.xattr.com.apple.provenance'
tar: Ignoring unknown extended header keyword 'LIBARCHIVE.xattr.com.apple.provenance'
tar: Ignoring unknown extended header keyword 'LIBARCHIVE.xattr.com.apple.provenance'
tar: Ignoring unknown extended header keyword 'LIBARCHIVE.xattr.com.apple.provenance'
tar: Ignoring unknown extended header keyword 'LIBARCHIVE.xattr.com.apple.provenance'
tar: Ignoring unknown extended header keyword 'LIBARCHIVE.xattr.com.apple.provenance'
tar: Ignoring unknown extended header keyword 'LIBARCHIVE.xattr.com.apple.provenance'
tar: Ignoring unknown extended header keyword 'LIBARCHIVE.xattr.com.apple.provenance'
tar: Ignoring unknown extended header keyword 'LIBARCHIVE.xattr.com.apple.provenance'
tar: Ignoring unknown extended header keyword 'LIBARCHIVE.xattr.com.apple.provenance'
tar: Ignoring unknown extended header keyword 'LIBARCHIVE.xattr.com.apple.provenance'
tar: Ignoring unknown extended header keyword 'LIBARCHIVE.xattr.com.apple.provenance'
tar: Ignoring unknown extended header keyword 'LIBARCHIVE.xattr.com.apple.provenance'
tar: Ignoring unknown extended header keyword 'LIBARCHIVE.xattr.com.apple.provenance'
tar: Ignoring unknown extended header keyword 'LIBARCHIVE.xattr.com.apple.provenance'
tar: Ignoring unknown extended header keyword 'LIBARCHIVE.xattr.com.apple.provenance'
tar: Ignoring unknown extended header keyword 'LIBARCHIVE.xattr.com.apple.provenance'
tar: Ignoring unknown extended header keyword 'LIBARCHIVE.xattr.com.apple.provenance'
tar: Ignoring unknown extended header keyword 'LIBARCHIVE.xattr.com.apple.provenance'
tar: Ignoring unknown extended header keyword 'LIBARCHIVE.xattr.com.apple.provenance'
tar: Ignoring unknown extended header keyword 'LIBARCHIVE.xattr.com.apple.provenance'
tar: Ignoring unknown extended header keyword 'LIBARCHIVE.xattr.com.apple.provenance'
tar: Ignoring unknown extended header keyword 'LIBARCHIVE.xattr.com.apple.provenance'
tar: Ignoring unknown extended header keyword 'LIBARCHIVE.xattr.com.apple.provenance'
tar: Ignoring unknown extended header keyword 'LIBARCHIVE.xattr.com.apple.provenance'
tar: Ignoring unknown extended header keyword 'LIBARCHIVE.xattr.com.apple.provenance'
tar: Ignoring unknown extended header keyword 'LIBARCHIVE.xattr.com.apple.provenance'
tar: Ignoring unknown extended header keyword 'LIBARCHIVE.xattr.com.apple.provenance'
tar: Ignoring unknown extended header keyword 'LIBARCHIVE.xattr.com.apple.provenance'
tar: Ignoring unknown extended header keyword 'LIBARCHIVE.xattr.com.apple.provenance'
tar: Ignoring unknown extended header keyword 'LIBARCHIVE.xattr.com.apple.provenance'
tar: Ignoring unknown extended header keyword 'LIBARCHIVE.xattr.com.apple.provenance'
tar: Ignoring unknown extended header keyword 'LIBARCHIVE.xattr.com.apple.provenance'
tar: Ignoring unknown extended header keyword 'LIBARCHIVE.xattr.com.apple.provenance'
tar: Ignoring unknown extended header keyword 'LIBARCHIVE.xattr.com.apple.provenance'
tar: Ignoring unknown extended header keyword 'LIBARCHIVE.xattr.com.apple.provenance'
tar: Ignoring unknown extended header keyword 'LIBARCHIVE.xattr.com.apple.provenance'
tar: Ignoring unknown extended header keyword 'LIBARCHIVE.xattr.com.apple.provenance'
tar: Ignoring unknown extended header keyword 'LIBARCHIVE.xattr.com.apple.provenance'
tar: Ignoring unknown extended header keyword 'LIBARCHIVE.xattr.com.apple.provenance'
tar: Ignoring unknown extended header keyword 'LIBARCHIVE.xattr.com.apple.provenance'
tar: Ignoring unknown extended header keyword 'LIBARCHIVE.xattr.com.apple.provenance'
tar: Ignoring unknown extended header keyword 'LIBARCHIVE.xattr.com.apple.provenance'
tar: Ignoring unknown extended header keyword 'LIBARCHIVE.xattr.com.apple.provenance'
tar: Ignoring unknown extended header keyword 'LIBARCHIVE.xattr.com.apple.provenance'
tar: Ignoring unknown extended header keyword 'LIBARCHIVE.xattr.com.apple.provenance'
tar: Ignoring unknown extended header keyword 'LIBARCHIVE.xattr.com.apple.provenance'
tar: Ignoring unknown extended header keyword 'LIBARCHIVE.xattr.com.apple.provenance'
tar: Ignoring unknown extended header keyword 'LIBARCHIVE.xattr.com.apple.provenance'
tar: Ignoring unknown extended header keyword 'LIBARCHIVE.xattr.com.apple.provenance'
tar: Ignoring unknown extended header keyword 'LIBARCHIVE.xattr.com.apple.provenance'
tar: Ignoring unknown extended header keyword 'LIBARCHIVE.xattr.com.apple.provenance'
tar: Ignoring unknown extended header keyword 'LIBARCHIVE.xattr.com.apple.provenance'
tar: Ignoring unknown extended header keyword 'LIBARCHIVE.xattr.com.apple.provenance'
tar: Ignoring unknown extended header keyword 'LIBARCHIVE.xattr.com.apple.provenance'
tar: Ignoring unknown extended header keyword 'LIBARCHIVE.xattr.com.apple.provenance'
tar: Ignoring unknown extended header keyword 'LIBARCHIVE.xattr.com.apple.provenance'
tar: Ignoring unknown extended header keyword 'LIBARCHIVE.xattr.com.apple.provenance'
tar: Ignoring unknown extended header keyword 'LIBARCHIVE.xattr.com.apple.provenance'
tar: Ignoring unknown extended header keyword 'LIBARCHIVE.xattr.com.apple.provenance'
tar: Ignoring unknown extended header keyword 'LIBARCHIVE.xattr.com.apple.provenance'
tar: Ignoring unknown extended header keyword 'LIBARCHIVE.xattr.com.apple.provenance'
tar: Ignoring unknown extended header keyword 'LIBARCHIVE.xattr.com.apple.provenance'
tar: Ignoring unknown extended header keyword 'LIBARCHIVE.xattr.com.apple.provenance'
tar: Ignoring unknown extended header keyword 'LIBARCHIVE.xattr.com.apple.provenance'
tar: Ignoring unknown extended header keyword 'LIBARCHIVE.xattr.com.apple.provenance'
tar: Ignoring unknown extended header keyword 'LIBARCHIVE.xattr.com.apple.provenance'
tar: Ignoring unknown extended header keyword 'LIBARCHIVE.xattr.com.apple.provenance'
tar: Ignoring unknown extended header keyword 'LIBARCHIVE.xattr.com.apple.provenance'
tar: Ignoring unknown extended header keyword 'LIBARCHIVE.xattr.com.apple.provenance'
tar: Ignoring unknown extended header keyword 'LIBARCHIVE.xattr.com.apple.provenance'
tar: Ignoring unknown extended header keyword 'LIBARCHIVE.xattr.com.apple.provenance'
tar: Ignoring unknown extended header keyword 'LIBARCHIVE.xattr.com.apple.provenance'
tar: Ignoring unknown extended header keyword 'LIBARCHIVE.xattr.com.apple.provenance'
tar: Ignoring unknown extended header keyword 'LIBARCHIVE.xattr.com.apple.provenance'
tar: Ignoring unknown extended header keyword 'LIBARCHIVE.xattr.com.apple.provenance'
tar: Ignoring unknown extended header keyword 'LIBARCHIVE.xattr.com.apple.provenance'
tar: Ignoring unknown extended header keyword 'LIBARCHIVE.xattr.com.apple.provenance'
tar: Ignoring unknown extended header keyword 'LIBARCHIVE.xattr.com.apple.provenance'
tar: Ignoring unknown extended header keyword 'LIBARCHIVE.xattr.com.apple.provenance'
tar: Ignoring unknown extended header keyword 'LIBARCHIVE.xattr.com.apple.provenance'
tar: Ignoring unknown extended header keyword 'LIBARCHIVE.xattr.com.apple.provenance'
tar: Ignoring unknown extended header keyword 'LIBARCHIVE.xattr.com.apple.provenance'
tar: Ignoring unknown extended header keyword 'LIBARCHIVE.xattr.com.apple.provenance'
tar: Ignoring unknown extended header keyword 'LIBARCHIVE.xattr.com.apple.provenance'
tar: Ignoring unknown extended header keyword 'LIBARCHIVE.xattr.com.apple.provenance'
tar: Ignoring unknown extended header keyword 'LIBARCHIVE.xattr.com.apple.provenance'
tar: Ignoring unknown extended header keyword 'LIBARCHIVE.xattr.com.apple.provenance'
tar: Ignoring unknown extended header keyword 'LIBARCHIVE.xattr.com.apple.provenance'
tar: Ignoring unknown extended header keyword 'LIBARCHIVE.xattr.com.apple.provenance'
tar: Ignoring unknown extended header keyword 'LIBARCHIVE.xattr.com.apple.provenance'
tar: Ignoring unknown extended header keyword 'LIBARCHIVE.xattr.com.apple.provenance'
tar: Ignoring unknown extended header keyword 'LIBARCHIVE.xattr.com.apple.provenance'
tar: Ignoring unknown extended header keyword 'LIBARCHIVE.xattr.com.apple.provenance'
tar: Ignoring unknown extended header keyword 'LIBARCHIVE.xattr.com.apple.provenance'
tar: Ignoring unknown extended header keyword 'LIBARCHIVE.xattr.com.apple.provenance'
tar: Ignoring unknown extended header keyword 'LIBARCHIVE.xattr.com.apple.provenance'
tar: Ignoring unknown extended header keyword 'LIBARCHIVE.xattr.com.apple.provenance'
tar: Ignoring unknown extended header keyword 'LIBARCHIVE.xattr.com.apple.provenance'
tar: Ignoring unknown extended header keyword 'LIBARCHIVE.xattr.com.apple.provenance'
tar: Ignoring unknown extended header keyword 'LIBARCHIVE.xattr.com.apple.provenance'
tar: Ignoring unknown extended header keyword 'LIBARCHIVE.xattr.com.apple.provenance'
tar: Ignoring unknown extended header keyword 'LIBARCHIVE.xattr.com.apple.provenance'
tar: Ignoring unknown extended header keyword 'LIBARCHIVE.xattr.com.apple.provenance'
tar: Ignoring unknown extended header keyword 'LIBARCHIVE.xattr.com.apple.provenance'
tar: Ignoring unknown extended header keyword 'LIBARCHIVE.xattr.com.apple.provenance'
tar: Ignoring unknown extended header keyword 'LIBARCHIVE.xattr.com.apple.provenance'
tar: Ignoring unknown extended header keyword 'LIBARCHIVE.xattr.com.apple.provenance'
tar: Ignoring unknown extended header keyword 'LIBARCHIVE.xattr.com.apple.provenance'
tar: Ignoring unknown extended header keyword 'LIBARCHIVE.xattr.com.apple.provenance'
tar: Ignoring unknown extended header keyword 'LIBARCHIVE.xattr.com.apple.provenance'
tar: Ignoring unknown extended header keyword 'LIBARCHIVE.xattr.com.apple.provenance'
tar: Ignoring unknown extended header keyword 'LIBARCHIVE.xattr.com.apple.provenance'
tar: Ignoring unknown extended header keyword 'LIBARCHIVE.xattr.com.apple.provenance'
tar: Ignoring unknown extended header keyword 'LIBARCHIVE.xattr.com.apple.provenance'
tar: Ignoring unknown extended header keyword 'LIBARCHIVE.xattr.com.apple.provenance'
tar: Ignoring unknown extended header keyword 'LIBARCHIVE.xattr.com.apple.provenance'
tar: Ignoring unknown extended header keyword 'LIBARCHIVE.xattr.com.apple.provenance'
tar: Ignoring unknown extended header keyword 'LIBARCHIVE.xattr.com.apple.provenance'
tar: Ignoring unknown extended header keyword 'LIBARCHIVE.xattr.com.apple.provenance'
tar: Ignoring unknown extended header keyword 'LIBARCHIVE.xattr.com.apple.provenance'
tar: Ignoring unknown extended header keyword 'LIBARCHIVE.xattr.com.apple.provenance'
tar: Ignoring unknown extended header keyword 'LIBARCHIVE.xattr.com.apple.provenance'
tar: Ignoring unknown extended header keyword 'LIBARCHIVE.xattr.com.apple.provenance'
tar: Ignoring unknown extended header keyword 'LIBARCHIVE.xattr.com.apple.provenance'
tar: Ignoring unknown extended header keyword 'LIBARCHIVE.xattr.com.apple.provenance'
tar: Ignoring unknown extended header keyword 'LIBARCHIVE.xattr.com.apple.provenance'
tar: Ignoring unknown extended header keyword 'LIBARCHIVE.xattr.com.apple.provenance'
tar: Ignoring unknown extended header keyword 'LIBARCHIVE.xattr.com.apple.provenance'
tar: Ignoring unknown extended header keyword 'LIBARCHIVE.xattr.com.apple.provenance'
tar: Ignoring unknown extended header keyword 'LIBARCHIVE.xattr.com.apple.provenance'
tar: Ignoring unknown extended header keyword 'LIBARCHIVE.xattr.com.apple.provenance'
tar: Ignoring unknown extended header keyword 'LIBARCHIVE.xattr.com.apple.provenance'
tar: Ignoring unknown extended header keyword 'LIBARCHIVE.xattr.com.apple.provenance'
tar: Ignoring unknown extended header keyword 'LIBARCHIVE.xattr.com.apple.provenance'
tar: Ignoring unknown extended header keyword 'LIBARCHIVE.xattr.com.apple.provenance'
tar: Ignoring unknown extended header keyword 'LIBARCHIVE.xattr.com.apple.provenance'
tar: Ignoring unknown extended header keyword 'LIBARCHIVE.xattr.com.apple.provenance'
tar: Ignoring unknown extended header keyword 'LIBARCHIVE.xattr.com.apple.provenance'
tar: Ignoring unknown extended header keyword 'LIBARCHIVE.xattr.com.apple.provenance'
tar: Ignoring unknown extended header keyword 'LIBARCHIVE.xattr.com.apple.provenance'
tar: Ignoring unknown extended header keyword 'LIBARCHIVE.xattr.com.apple.provenance'
tar: Ignoring unknown extended header keyword 'LIBARCHIVE.xattr.com.apple.provenance'
tar: Ignoring unknown extended header keyword 'LIBARCHIVE.xattr.com.apple.provenance'
tar: Ignoring unknown extended header keyword 'LIBARCHIVE.xattr.com.apple.provenance'
tar: Ignoring unknown extended header keyword 'LIBARCHIVE.xattr.com.apple.provenance'
tar: Ignoring unknown extended header keyword 'LIBARCHIVE.xattr.com.apple.provenance'
tar: Ignoring unknown extended header keyword 'LIBARCHIVE.xattr.com.apple.provenance'
tar: Ignoring unknown extended header keyword 'LIBARCHIVE.xattr.com.apple.provenance'
tar: Ignoring unknown extended header keyword 'LIBARCHIVE.xattr.com.apple.provenance'
tar: Ignoring unknown extended header keyword 'LIBARCHIVE.xattr.com.apple.provenance'
tar: Ignoring unknown extended header keyword 'LIBARCHIVE.xattr.com.apple.provenance'
tar: Ignoring unknown extended header keyword 'LIBARCHIVE.xattr.com.apple.provenance'
tar: Ignoring unknown extended header keyword 'LIBARCHIVE.xattr.com.apple.provenance'
tar: Ignoring unknown extended header keyword 'LIBARCHIVE.xattr.com.apple.provenance'
tar: Ignoring unknown extended header keyword 'LIBARCHIVE.xattr.com.apple.provenance'
tar: Ignoring unknown extended header keyword 'LIBARCHIVE.xattr.com.apple.provenance'
tar: Ignoring unknown extended header keyword 'LIBARCHIVE.xattr.com.apple.provenance'
tar: Ignoring unknown extended header keyword 'LIBARCHIVE.xattr.com.apple.provenance'
tar: Ignoring unknown extended header keyword 'LIBARCHIVE.xattr.com.apple.provenance'
tar: Ignoring unknown extended header keyword 'LIBARCHIVE.xattr.com.apple.provenance'
tar: Ignoring unknown extended header keyword 'LIBARCHIVE.xattr.com.apple.provenance'
tar: Ignoring unknown extended header keyword 'LIBARCHIVE.xattr.com.apple.provenance'
tar: Ignoring unknown extended header keyword 'LIBARCHIVE.xattr.com.apple.provenance'
tar: Ignoring unknown extended header keyword 'LIBARCHIVE.xattr.com.apple.provenance'
tar: Ignoring unknown extended header keyword 'LIBARCHIVE.xattr.com.apple.provenance'
tar: Ignoring unknown extended header keyword 'LIBARCHIVE.xattr.com.apple.provenance'
tar: Ignoring unknown extended header keyword 'LIBARCHIVE.xattr.com.apple.provenance'
tar: Ignoring unknown extended header keyword 'LIBARCHIVE.xattr.com.apple.provenance'
tar: Ignoring unknown extended header keyword 'LIBARCHIVE.xattr.com.apple.provenance'
tar: Ignoring unknown extended header keyword 'LIBARCHIVE.xattr.com.apple.provenance'
tar: Ignoring unknown extended header keyword 'LIBARCHIVE.xattr.com.apple.provenance'
tar: Ignoring unknown extended header keyword 'LIBARCHIVE.xattr.com.apple.provenance'
tar: Ignoring unknown extended header keyword 'LIBARCHIVE.xattr.com.apple.provenance'
tar: Ignoring unknown extended header keyword 'LIBARCHIVE.xattr.com.apple.provenance'
tar: Ignoring unknown extended header keyword 'LIBARCHIVE.xattr.com.apple.provenance'
tar: Ignoring unknown extended header keyword 'LIBARCHIVE.xattr.com.apple.provenance'
tar: Ignoring unknown extended header keyword 'LIBARCHIVE.xattr.com.apple.provenance'
tar: Ignoring unknown extended header keyword 'LIBARCHIVE.xattr.com.apple.provenance'
tar: Ignoring unknown extended header keyword 'LIBARCHIVE.xattr.com.apple.provenance'
tar: Ignoring unknown extended header keyword 'LIBARCHIVE.xattr.com.apple.provenance'
tar: Ignoring unknown extended header keyword 'LIBARCHIVE.xattr.com.apple.provenance'
tar: Ignoring unknown extended header keyword 'LIBARCHIVE.xattr.com.apple.provenance'
tar: Ignoring unknown extended header keyword 'LIBARCHIVE.xattr.com.apple.provenance'
tar: Ignoring unknown extended header keyword 'LIBARCHIVE.xattr.com.apple.provenance'
tar: Ignoring unknown extended header keyword 'LIBARCHIVE.xattr.com.apple.provenance'
tar: Ignoring unknown extended header keyword 'LIBARCHIVE.xattr.com.apple.provenance'
tar: Ignoring unknown extended header keyword 'LIBARCHIVE.xattr.com.apple.provenance'
tar: Ignoring unknown extended header keyword 'LIBARCHIVE.xattr.com.apple.provenance'
tar: Ignoring unknown extended header keyword 'LIBARCHIVE.xattr.com.apple.provenance'
tar: Ignoring unknown extended header keyword 'LIBARCHIVE.xattr.com.apple.provenance'
tar: Ignoring unknown extended header keyword 'LIBARCHIVE.xattr.com.apple.provenance'
tar: Ignoring unknown extended header keyword 'LIBARCHIVE.xattr.com.apple.provenance'
tar: Ignoring unknown extended header keyword 'LIBARCHIVE.xattr.com.apple.provenance'
tar: Ignoring unknown extended header keyword 'LIBARCHIVE.xattr.com.apple.provenance'
tar: Ignoring unknown extended header keyword 'LIBARCHIVE.xattr.com.apple.provenance'
tar: Ignoring unknown extended header keyword 'LIBARCHIVE.xattr.com.apple.provenance'
tar: Ignoring unknown extended header keyword 'LIBARCHIVE.xattr.com.apple.provenance'
tar: Ignoring unknown extended header keyword 'LIBARCHIVE.xattr.com.apple.provenance'
tar: Ignoring unknown extended header keyword 'LIBARCHIVE.xattr.com.apple.provenance'
tar: Ignoring unknown extended header keyword 'LIBARCHIVE.xattr.com.apple.provenance'
tar: Ignoring unknown extended header keyword 'LIBARCHIVE.xattr.com.apple.provenance'
tar: Ignoring unknown extended header keyword 'LIBARCHIVE.xattr.com.apple.provenance'
tar: Ignoring unknown extended header keyword 'LIBARCHIVE.xattr.com.apple.provenance'
tar: Ignoring unknown extended header keyword 'LIBARCHIVE.xattr.com.apple.provenance'
tar: Ignoring unknown extended header keyword 'LIBARCHIVE.xattr.com.apple.provenance'
tar: Ignoring unknown extended header keyword 'LIBARCHIVE.xattr.com.apple.provenance'
tar: Ignoring unknown extended header keyword 'LIBARCHIVE.xattr.com.apple.provenance'
tar: Ignoring unknown extended header keyword 'LIBARCHIVE.xattr.com.apple.provenance'
tar: Ignoring unknown extended header keyword 'LIBARCHIVE.xattr.com.apple.provenance'
tar: Ignoring unknown extended header keyword 'LIBARCHIVE.xattr.com.apple.provenance'
tar: Ignoring unknown extended header keyword 'LIBARCHIVE.xattr.com.apple.provenance'
tar: Ignoring unknown extended header keyword 'LIBARCHIVE.xattr.com.apple.provenance'
tar: Ignoring unknown extended header keyword 'LIBARCHIVE.xattr.com.apple.provenance'
tar: Ignoring unknown extended header keyword 'LIBARCHIVE.xattr.com.apple.provenance'
tar: Ignoring unknown extended header keyword 'LIBARCHIVE.xattr.com.apple.provenance'
tar: Ignoring unknown extended header keyword 'LIBARCHIVE.xattr.com.apple.provenance'
tar: Ignoring unknown extended header keyword 'LIBARCHIVE.xattr.com.apple.provenance'
tar: Ignoring unknown extended header keyword 'LIBARCHIVE.xattr.com.apple.provenance'
tar: Ignoring unknown extended header keyword 'LIBARCHIVE.xattr.com.apple.provenance'
tar: Ignoring unknown extended header keyword 'LIBARCHIVE.xattr.com.apple.provenance'
tar: Ignoring unknown extended header keyword 'LIBARCHIVE.xattr.com.apple.provenance'
tar: Ignoring unknown extended header keyword 'LIBARCHIVE.xattr.com.apple.provenance'
tar: Ignoring unknown extended header keyword 'LIBARCHIVE.xattr.com.apple.provenance'
tar: Ignoring unknown extended header keyword 'LIBARCHIVE.xattr.com.apple.provenance'
tar: Ignoring unknown extended header keyword 'LIBARCHIVE.xattr.com.apple.provenance'
tar: Ignoring unknown extended header keyword 'LIBARCHIVE.xattr.com.apple.provenance'
tar: Ignoring unknown extended header keyword 'LIBARCHIVE.xattr.com.apple.provenance'
tar: Ignoring unknown extended header keyword 'LIBARCHIVE.xattr.com.apple.provenance'
tar: Ignoring unknown extended header keyword 'LIBARCHIVE.xattr.com.apple.provenance'
tar: Ignoring unknown extended header keyword 'LIBARCHIVE.xattr.com.apple.provenance'
tar: Ignoring unknown extended header keyword 'LIBARCHIVE.xattr.com.apple.provenance'
tar: Ignoring unknown extended header keyword 'LIBARCHIVE.xattr.com.apple.provenance'
tar: Ignoring unknown extended header keyword 'LIBARCHIVE.xattr.com.apple.provenance'
tar: Ignoring unknown extended header keyword 'LIBARCHIVE.xattr.com.apple.provenance'
tar: Ignoring unknown extended header keyword 'LIBARCHIVE.xattr.com.apple.provenance'
tar: Ignoring unknown extended header keyword 'LIBARCHIVE.xattr.com.apple.provenance'
tar: Ignoring unknown extended header keyword 'LIBARCHIVE.xattr.com.apple.provenance'
tar: Ignoring unknown extended header keyword 'LIBARCHIVE.xattr.com.apple.provenance'
tar: Ignoring unknown extended header keyword 'LIBARCHIVE.xattr.com.apple.provenance'
tar: Ignoring unknown extended header keyword 'LIBARCHIVE.xattr.com.apple.provenance'
tar: Ignoring unknown extended header keyword 'LIBARCHIVE.xattr.com.apple.provenance'
tar: Ignoring unknown extended header keyword 'LIBARCHIVE.xattr.com.apple.provenance'
tar: Ignoring unknown extended header keyword 'LIBARCHIVE.xattr.com.apple.provenance'
tar: Ignoring unknown extended header keyword 'LIBARCHIVE.xattr.com.apple.provenance'
tar: Ignoring unknown extended header keyword 'LIBARCHIVE.xattr.com.apple.provenance'
tar: Ignoring unknown extended header keyword 'LIBARCHIVE.xattr.com.apple.provenance'
tar: Ignoring unknown extended header keyword 'LIBARCHIVE.xattr.com.apple.provenance'
tar: Ignoring unknown extended header keyword 'LIBARCHIVE.xattr.com.apple.provenance'
tar: Ignoring unknown extended header keyword 'LIBARCHIVE.xattr.com.apple.provenance'
tar: Ignoring unknown extended header keyword 'LIBARCHIVE.xattr.com.apple.provenance'
tar: Ignoring unknown extended header keyword 'LIBARCHIVE.xattr.com.apple.provenance'
tar: Ignoring unknown extended header keyword 'LIBARCHIVE.xattr.com.apple.provenance'
tar: Ignoring unknown extended header keyword 'LIBARCHIVE.xattr.com.apple.provenance'
tar: Ignoring unknown extended header keyword 'LIBARCHIVE.xattr.com.apple.provenance'
tar: Ignoring unknown extended header keyword 'LIBARCHIVE.xattr.com.apple.provenance'
tar: Ignoring unknown extended header keyword 'LIBARCHIVE.xattr.com.apple.provenance'
tar: Ignoring unknown extended header keyword 'LIBARCHIVE.xattr.com.apple.provenance'
tar: Ignoring unknown extended header keyword 'LIBARCHIVE.xattr.com.apple.provenance'
tar: Ignoring unknown extended header keyword 'LIBARCHIVE.xattr.com.apple.provenance'
tar: Ignoring unknown extended header keyword 'LIBARCHIVE.xattr.com.apple.provenance'
tar: Ignoring unknown extended header keyword 'LIBARCHIVE.xattr.com.apple.provenance'
tar: Ignoring unknown extended header keyword 'LIBARCHIVE.xattr.com.apple.provenance'
tar: Ignoring unknown extended header keyword 'LIBARCHIVE.xattr.com.apple.provenance'
tar: Ignoring unknown extended header keyword 'LIBARCHIVE.xattr.com.apple.provenance'
tar: Ignoring unknown extended header keyword 'LIBARCHIVE.xattr.com.apple.provenance'
tar: Ignoring unknown extended header keyword 'LIBARCHIVE.xattr.com.apple.provenance'
tar: Ignoring unknown extended header keyword 'LIBARCHIVE.xattr.com.apple.provenance'
tar: Ignoring unknown extended header keyword 'LIBARCHIVE.xattr.com.apple.provenance'
tar: Ignoring unknown extended header keyword 'LIBARCHIVE.xattr.com.apple.provenance'
tar: Ignoring unknown extended header keyword 'LIBARCHIVE.xattr.com.apple.provenance'
tar: Ignoring unknown extended header keyword 'LIBARCHIVE.xattr.com.apple.provenance'
tar: Ignoring unknown extended header keyword 'LIBARCHIVE.xattr.com.apple.provenance'
tar: Ignoring unknown extended header keyword 'LIBARCHIVE.xattr.com.apple.provenance'
tar: Ignoring unknown extended header keyword 'LIBARCHIVE.xattr.com.apple.provenance'
tar: Ignoring unknown extended header keyword 'LIBARCHIVE.xattr.com.apple.provenance'
tar: Ignoring unknown extended header keyword 'LIBARCHIVE.xattr.com.apple.provenance'
tar: Ignoring unknown extended header keyword 'LIBARCHIVE.xattr.com.apple.provenance'
tar: Ignoring unknown extended header keyword 'LIBARCHIVE.xattr.com.apple.provenance'
tar: Ignoring unknown extended header keyword 'LIBARCHIVE.xattr.com.apple.provenance'
tar: Ignoring unknown extended header keyword 'LIBARCHIVE.xattr.com.apple.provenance'
tar: Ignoring unknown extended header keyword 'LIBARCHIVE.xattr.com.apple.provenance'
tar: Ignoring unknown extended header keyword 'LIBARCHIVE.xattr.com.apple.provenance'
tar: Ignoring unknown extended header keyword 'LIBARCHIVE.xattr.com.apple.provenance'
tar: Ignoring unknown extended header keyword 'LIBARCHIVE.xattr.com.apple.provenance'
tar: Ignoring unknown extended header keyword 'LIBARCHIVE.xattr.com.apple.provenance'
tar: Ignoring unknown extended header keyword 'LIBARCHIVE.xattr.com.apple.provenance'
tar: Ignoring unknown extended header keyword 'LIBARCHIVE.xattr.com.apple.provenance'
tar: Ignoring unknown extended header keyword 'LIBARCHIVE.xattr.com.apple.provenance'
tar: Ignoring unknown extended header keyword 'LIBARCHIVE.xattr.com.apple.provenance'
tar: Ignoring unknown extended header keyword 'LIBARCHIVE.xattr.com.apple.provenance'
tar: Ignoring unknown extended header keyword 'LIBARCHIVE.xattr.com.apple.provenance'
tar: Ignoring unknown extended header keyword 'LIBARCHIVE.xattr.com.apple.provenance'
tar: Ignoring unknown extended header keyword 'LIBARCHIVE.xattr.com.apple.provenance'
tar: Ignoring unknown extended header keyword 'LIBARCHIVE.xattr.com.apple.provenance'
tar: Ignoring unknown extended header keyword 'LIBARCHIVE.xattr.com.apple.provenance'
tar: Ignoring unknown extended header keyword 'LIBARCHIVE.xattr.com.apple.provenance'
tar: Ignoring unknown extended header keyword 'LIBARCHIVE.xattr.com.apple.provenance'
tar: Ignoring unknown extended header keyword 'LIBARCHIVE.xattr.com.apple.provenance'
tar: Ignoring unknown extended header keyword 'LIBARCHIVE.xattr.com.apple.provenance'
tar: Ignoring unknown extended header keyword 'LIBARCHIVE.xattr.com.apple.provenance'
tar: Ignoring unknown extended header keyword 'LIBARCHIVE.xattr.com.apple.provenance'
tar: Ignoring unknown extended header keyword 'LIBARCHIVE.xattr.com.apple.provenance'
tar: Ignoring unknown extended header keyword 'LIBARCHIVE.xattr.com.apple.provenance'
tar: Ignoring unknown extended header keyword 'LIBARCHIVE.xattr.com.apple.provenance'
tar: Ignoring unknown extended header keyword 'LIBARCHIVE.xattr.com.apple.provenance'
tar: Ignoring unknown extended header keyword 'LIBARCHIVE.xattr.com.apple.provenance'
tar: Ignoring unknown extended header keyword 'LIBARCHIVE.xattr.com.apple.provenance'
tar: Ignoring unknown extended header keyword 'LIBARCHIVE.xattr.com.apple.provenance'
tar: Ignoring unknown extended header keyword 'LIBARCHIVE.xattr.com.apple.provenance'
tar: Ignoring unknown extended header keyword 'LIBARCHIVE.xattr.com.apple.provenance'
tar: Ignoring unknown extended header keyword 'LIBARCHIVE.xattr.com.apple.provenance'
tar: Ignoring unknown extended header keyword 'LIBARCHIVE.xattr.com.apple.provenance'
tar: Ignoring unknown extended header keyword 'LIBARCHIVE.xattr.com.apple.provenance'
tar: Ignoring unknown extended header keyword 'LIBARCHIVE.xattr.com.apple.provenance'
tar: Ignoring unknown extended header keyword 'LIBARCHIVE.xattr.com.apple.provenance'
tar: Ignoring unknown extended header keyword 'LIBARCHIVE.xattr.com.apple.provenance'
tar: Ignoring unknown extended header keyword 'LIBARCHIVE.xattr.com.apple.provenance'
tar: Ignoring unknown extended header keyword 'LIBARCHIVE.xattr.com.apple.provenance'
tar: Ignoring unknown extended header keyword 'LIBARCHIVE.xattr.com.apple.provenance'
tar: Ignoring unknown extended header keyword 'LIBARCHIVE.xattr.com.apple.provenance'
tar: Ignoring unknown extended header keyword 'LIBARCHIVE.xattr.com.apple.provenance'
tar: Ignoring unknown extended header keyword 'LIBARCHIVE.xattr.com.apple.provenance'
tar: Ignoring unknown extended header keyword 'LIBARCHIVE.xattr.com.apple.provenance'
tar: Ignoring unknown extended header keyword 'LIBARCHIVE.xattr.com.apple.provenance'
tar: Ignoring unknown extended header keyword 'LIBARCHIVE.xattr.com.apple.provenance'
tar: Ignoring unknown extended header keyword 'LIBARCHIVE.xattr.com.apple.provenance'
tar: Ignoring unknown extended header keyword 'LIBARCHIVE.xattr.com.apple.provenance'
tar: Ignoring unknown extended header keyword 'LIBARCHIVE.xattr.com.apple.provenance'
tar: Ignoring unknown extended header keyword 'LIBARCHIVE.xattr.com.apple.provenance'
tar: Ignoring unknown extended header keyword 'LIBARCHIVE.xattr.com.apple.provenance'
tar: Ignoring unknown extended header keyword 'LIBARCHIVE.xattr.com.apple.provenance'
tar: Ignoring unknown extended header keyword 'LIBARCHIVE.xattr.com.apple.provenance'
tar: Ignoring unknown extended header keyword 'LIBARCHIVE.xattr.com.apple.provenance'
tar: Ignoring unknown extended header keyword 'LIBARCHIVE.xattr.com.apple.provenance'
tar: Ignoring unknown extended header keyword 'LIBARCHIVE.xattr.com.apple.provenance'
tar: Ignoring unknown extended header keyword 'LIBARCHIVE.xattr.com.apple.provenance'
tar: Ignoring unknown extended header keyword 'LIBARCHIVE.xattr.com.apple.provenance'
tar: Ignoring unknown extended header keyword 'LIBARCHIVE.xattr.com.apple.provenance'
tar: Ignoring unknown extended header keyword 'LIBARCHIVE.xattr.com.apple.provenance'
tar: Ignoring unknown extended header keyword 'LIBARCHIVE.xattr.com.apple.provenance'
tar: Ignoring unknown extended header keyword 'LIBARCHIVE.xattr.com.apple.provenance'
tar: Ignoring unknown extended header keyword 'LIBARCHIVE.xattr.com.apple.provenance'
tar: Ignoring unknown extended header keyword 'LIBARCHIVE.xattr.com.apple.provenance'
tar: Ignoring unknown extended header keyword 'LIBARCHIVE.xattr.com.apple.provenance'
tar: Ignoring unknown extended header keyword 'LIBARCHIVE.xattr.com.apple.provenance'
tar: Ignoring unknown extended header keyword 'LIBARCHIVE.xattr.com.apple.provenance'
tar: Ignoring unknown extended header keyword 'LIBARCHIVE.xattr.com.apple.provenance'
tar: Ignoring unknown extended header keyword 'LIBARCHIVE.xattr.com.apple.provenance'
tar: Ignoring unknown extended header keyword 'LIBARCHIVE.xattr.com.apple.provenance'
tar: Ignoring unknown extended header keyword 'LIBARCHIVE.xattr.com.apple.provenance'
tar: Ignoring unknown extended header keyword 'LIBARCHIVE.xattr.com.apple.provenance'
tar: Ignoring unknown extended header keyword 'LIBARCHIVE.xattr.com.apple.provenance'
tar: Ignoring unknown extended header keyword 'LIBARCHIVE.xattr.com.apple.provenance'
tar: Ignoring unknown extended header keyword 'LIBARCHIVE.xattr.com.apple.provenance'
tar: Ignoring unknown extended header keyword 'LIBARCHIVE.xattr.com.apple.provenance'
tar: Ignoring unknown extended header keyword 'LIBARCHIVE.xattr.com.apple.provenance'
tar: Ignoring unknown extended header keyword 'LIBARCHIVE.xattr.com.apple.provenance'
tar: Ignoring unknown extended header keyword 'LIBARCHIVE.xattr.com.apple.provenance'
tar: Ignoring unknown extended header keyword 'LIBARCHIVE.xattr.com.apple.provenance'
tar: Ignoring unknown extended header keyword 'LIBARCHIVE.xattr.com.apple.provenance'
tar: Ignoring unknown extended header keyword 'LIBARCHIVE.xattr.com.apple.provenance'
tar: Ignoring unknown extended header keyword 'LIBARCHIVE.xattr.com.apple.provenance'
tar: Ignoring unknown extended header keyword 'LIBARCHIVE.xattr.com.apple.provenance'
tar: Ignoring unknown extended header keyword 'LIBARCHIVE.xattr.com.apple.provenance'
tar: Ignoring unknown extended header keyword 'LIBARCHIVE.xattr.com.apple.provenance'
tar: Ignoring unknown extended header keyword 'LIBARCHIVE.xattr.com.apple.provenance'
tar: Ignoring unknown extended header keyword 'LIBARCHIVE.xattr.com.apple.provenance'
tar: Ignoring unknown extended header keyword 'LIBARCHIVE.xattr.com.apple.provenance'
tar: Ignoring unknown extended header keyword 'LIBARCHIVE.xattr.com.apple.provenance'
tar: Ignoring unknown extended header keyword 'LIBARCHIVE.xattr.com.apple.provenance'
tar: Ignoring unknown extended header keyword 'LIBARCHIVE.xattr.com.apple.provenance'
tar: Ignoring unknown extended header keyword 'LIBARCHIVE.xattr.com.apple.provenance'
tar: Ignoring unknown extended header keyword 'LIBARCHIVE.xattr.com.apple.provenance'
tar: Ignoring unknown extended header keyword 'LIBARCHIVE.xattr.com.apple.provenance'
tar: Ignoring unknown extended header keyword 'LIBARCHIVE.xattr.com.apple.provenance'
tar: Ignoring unknown extended header keyword 'LIBARCHIVE.xattr.com.apple.provenance'
tar: Ignoring unknown extended header keyword 'LIBARCHIVE.xattr.com.apple.provenance'
tar: Ignoring unknown extended header keyword 'LIBARCHIVE.xattr.com.apple.provenance'
tar: Ignoring unknown extended header keyword 'LIBARCHIVE.xattr.com.apple.provenance'
tar: Ignoring unknown extended header keyword 'LIBARCHIVE.xattr.com.apple.provenance'
tar: Ignoring unknown extended header keyword 'LIBARCHIVE.xattr.com.apple.provenance'
tar: Ignoring unknown extended header keyword 'LIBARCHIVE.xattr.com.apple.provenance'
tar: Ignoring unknown extended header keyword 'LIBARCHIVE.xattr.com.apple.provenance'
tar: Ignoring unknown extended header keyword 'LIBARCHIVE.xattr.com.apple.provenance'
tar: Ignoring unknown extended header keyword 'LIBARCHIVE.xattr.com.apple.provenance'
tar: Ignoring unknown extended header keyword 'LIBARCHIVE.xattr.com.apple.provenance'
tar: Ignoring unknown extended header keyword 'LIBARCHIVE.xattr.com.apple.provenance'
tar: Ignoring unknown extended header keyword 'LIBARCHIVE.xattr.com.apple.provenance'
tar: Ignoring unknown extended header keyword 'LIBARCHIVE.xattr.com.apple.provenance'
tar: Ignoring unknown extended header keyword 'LIBARCHIVE.xattr.com.apple.provenance'
tar: Ignoring unknown extended header keyword 'LIBARCHIVE.xattr.com.apple.provenance'
tar: Ignoring unknown extended header keyword 'LIBARCHIVE.xattr.com.apple.provenance'
tar: Ignoring unknown extended header keyword 'LIBARCHIVE.xattr.com.apple.provenance'
tar: Ignoring unknown extended header keyword 'LIBARCHIVE.xattr.com.apple.provenance'
tar: Ignoring unknown extended header keyword 'LIBARCHIVE.xattr.com.apple.provenance'
tar: Ignoring unknown extended header keyword 'LIBARCHIVE.xattr.com.apple.provenance'
tar: Ignoring unknown extended header keyword 'LIBARCHIVE.xattr.com.apple.provenance'
tar: Ignoring unknown extended header keyword 'LIBARCHIVE.xattr.com.apple.provenance'
tar: Ignoring unknown extended header keyword 'LIBARCHIVE.xattr.com.apple.provenance'
tar: Ignoring unknown extended header keyword 'LIBARCHIVE.xattr.com.apple.provenance'
tar: Ignoring unknown extended header keyword 'LIBARCHIVE.xattr.com.apple.provenance'
tar: Ignoring unknown extended header keyword 'LIBARCHIVE.xattr.com.apple.provenance'
tar: Ignoring unknown extended header keyword 'LIBARCHIVE.xattr.com.apple.provenance'
tar: Ignoring unknown extended header keyword 'LIBARCHIVE.xattr.com.apple.provenance'
tar: Ignoring unknown extended header keyword 'LIBARCHIVE.xattr.com.apple.provenance'
tar: Ignoring unknown extended header keyword 'LIBARCHIVE.xattr.com.apple.provenance'
tar: Ignoring unknown extended header keyword 'LIBARCHIVE.xattr.com.apple.provenance'
tar: Ignoring unknown extended header keyword 'LIBARCHIVE.xattr.com.apple.provenance'
tar: Ignoring unknown extended header keyword 'LIBARCHIVE.xattr.com.apple.provenance'
tar: Ignoring unknown extended header keyword 'LIBARCHIVE.xattr.com.apple.provenance'
tar: Ignoring unknown extended header keyword 'LIBARCHIVE.xattr.com.apple.provenance'
tar: Ignoring unknown extended header keyword 'LIBARCHIVE.xattr.com.apple.provenance'
tar: Ignoring unknown extended header keyword 'LIBARCHIVE.xattr.com.apple.provenance'
tar: Ignoring unknown extended header keyword 'LIBARCHIVE.xattr.com.apple.provenance'
tar: Ignoring unknown extended header keyword 'LIBARCHIVE.xattr.com.apple.provenance'
tar: Ignoring unknown extended header keyword 'LIBARCHIVE.xattr.com.apple.provenance'
tar: Ignoring unknown extended header keyword 'LIBARCHIVE.xattr.com.apple.provenance'
tar: Ignoring unknown extended header keyword 'LIBARCHIVE.xattr.com.apple.provenance'
tar: Ignoring unknown extended header keyword 'LIBARCHIVE.xattr.com.apple.provenance'
tar: Ignoring unknown extended header keyword 'LIBARCHIVE.xattr.com.apple.provenance'
tar: Ignoring unknown extended header keyword 'LIBARCHIVE.xattr.com.apple.provenance'
tar: Ignoring unknown extended header keyword 'LIBARCHIVE.xattr.com.apple.provenance'
tar: Ignoring unknown extended header keyword 'LIBARCHIVE.xattr.com.apple.provenance'
tar: Ignoring unknown extended header keyword 'LIBARCHIVE.xattr.com.apple.provenance'
tar: Ignoring unknown extended header keyword 'LIBARCHIVE.xattr.com.apple.provenance'
tar: Ignoring unknown extended header keyword 'LIBARCHIVE.xattr.com.apple.provenance'
tar: Ignoring unknown extended header keyword 'LIBARCHIVE.xattr.com.apple.provenance'
tar: Ignoring unknown extended header keyword 'LIBARCHIVE.xattr.com.apple.provenance'
tar: Ignoring unknown extended header keyword 'LIBARCHIVE.xattr.com.apple.provenance'
tar: Ignoring unknown extended header keyword 'LIBARCHIVE.xattr.com.apple.provenance'
tar: Ignoring unknown extended header keyword 'LIBARCHIVE.xattr.com.apple.provenance'
tar: Ignoring unknown extended header keyword 'LIBARCHIVE.xattr.com.apple.provenance'
tar: Ignoring unknown extended header keyword 'LIBARCHIVE.xattr.com.apple.provenance'
tar: Ignoring unknown extended header keyword 'LIBARCHIVE.xattr.com.apple.provenance'
tar: Ignoring unknown extended header keyword 'LIBARCHIVE.xattr.com.apple.provenance'
tar: Ignoring unknown extended header keyword 'LIBARCHIVE.xattr.com.apple.provenance'
tar: Ignoring unknown extended header keyword 'LIBARCHIVE.xattr.com.apple.provenance'
tar: Ignoring unknown extended header keyword 'LIBARCHIVE.xattr.com.apple.provenance'
tar: Ignoring unknown extended header keyword 'LIBARCHIVE.xattr.com.apple.provenance'
tar: Ignoring unknown extended header keyword 'LIBARCHIVE.xattr.com.apple.provenance'
tar: Ignoring unknown extended header keyword 'LIBARCHIVE.xattr.com.apple.provenance'
tar: Ignoring unknown extended header keyword 'LIBARCHIVE.xattr.com.apple.provenance'
tar: Ignoring unknown extended header keyword 'LIBARCHIVE.xattr.com.apple.provenance'
tar: Ignoring unknown extended header keyword 'LIBARCHIVE.xattr.com.apple.provenance'
tar: Ignoring unknown extended header keyword 'LIBARCHIVE.xattr.com.apple.provenance'
tar: Ignoring unknown extended header keyword 'LIBARCHIVE.xattr.com.apple.provenance'
tar: Ignoring unknown extended header keyword 'LIBARCHIVE.xattr.com.apple.provenance'
tar: Ignoring unknown extended header keyword 'LIBARCHIVE.xattr.com.apple.provenance'
tar: Ignoring unknown extended header keyword 'LIBARCHIVE.xattr.com.apple.provenance'
tar: Ignoring unknown extended header keyword 'LIBARCHIVE.xattr.com.apple.provenance'
tar: Ignoring unknown extended header keyword 'LIBARCHIVE.xattr.com.apple.provenance'
tar: Ignoring unknown extended header keyword 'LIBARCHIVE.xattr.com.apple.provenance'
tar: Ignoring unknown extended header keyword 'LIBARCHIVE.xattr.com.apple.provenance'
tar: Ignoring unknown extended header keyword 'LIBARCHIVE.xattr.com.apple.provenance'
tar: Ignoring unknown extended header keyword 'LIBARCHIVE.xattr.com.apple.provenance'
tar: Ignoring unknown extended header keyword 'LIBARCHIVE.xattr.com.apple.provenance'
tar: Ignoring unknown extended header keyword 'LIBARCHIVE.xattr.com.apple.provenance'
tar: Ignoring unknown extended header keyword 'LIBARCHIVE.xattr.com.apple.provenance'
tar: Ignoring unknown extended header keyword 'LIBARCHIVE.xattr.com.apple.provenance'
tar: Ignoring unknown extended header keyword 'LIBARCHIVE.xattr.com.apple.provenance'
tar: Ignoring unknown extended header keyword 'LIBARCHIVE.xattr.com.apple.provenance'
tar: Ignoring unknown extended header keyword 'LIBARCHIVE.xattr.com.apple.provenance'
tar: Ignoring unknown extended header keyword 'LIBARCHIVE.xattr.com.apple.provenance'
tar: Ignoring unknown extended header keyword 'LIBARCHIVE.xattr.com.apple.provenance'
tar: Ignoring unknown extended header keyword 'LIBARCHIVE.xattr.com.apple.provenance'
tar: Ignoring unknown extended header keyword 'LIBARCHIVE.xattr.com.apple.provenance'
tar: Ignoring unknown extended header keyword 'LIBARCHIVE.xattr.com.apple.provenance'
tar: Ignoring unknown extended header keyword 'LIBARCHIVE.xattr.com.apple.provenance'
tar: Ignoring unknown extended header keyword 'LIBARCHIVE.xattr.com.apple.provenance'
tar: Ignoring unknown extended header keyword 'LIBARCHIVE.xattr.com.apple.provenance'
tar: Ignoring unknown extended header keyword 'LIBARCHIVE.xattr.com.apple.provenance'
tar: Ignoring unknown extended header keyword 'LIBARCHIVE.xattr.com.apple.provenance'
tar: Ignoring unknown extended header keyword 'LIBARCHIVE.xattr.com.apple.provenance'
tar: Ignoring unknown extended header keyword 'LIBARCHIVE.xattr.com.apple.provenance'
tar: Ignoring unknown extended header keyword 'LIBARCHIVE.xattr.com.apple.provenance'
tar: Ignoring unknown extended header keyword 'LIBARCHIVE.xattr.com.apple.provenance'
tar: Ignoring unknown extended header keyword 'LIBARCHIVE.xattr.com.apple.provenance'
tar: Ignoring unknown extended header keyword 'LIBARCHIVE.xattr.com.apple.provenance'
tar: Ignoring unknown extended header keyword 'LIBARCHIVE.xattr.com.apple.provenance'
tar: Ignoring unknown extended header keyword 'LIBARCHIVE.xattr.com.apple.provenance'
tar: Ignoring unknown extended header keyword 'LIBARCHIVE.xattr.com.apple.provenance'
tar: Ignoring unknown extended header keyword 'LIBARCHIVE.xattr.com.apple.provenance'
tar: Ignoring unknown extended header keyword 'LIBARCHIVE.xattr.com.apple.provenance'
tar: Ignoring unknown extended header keyword 'LIBARCHIVE.xattr.com.apple.provenance'
tar: Ignoring unknown extended header keyword 'LIBARCHIVE.xattr.com.apple.provenance'
tar: Ignoring unknown extended header keyword 'LIBARCHIVE.xattr.com.apple.provenance'
tar: Ignoring unknown extended header keyword 'LIBARCHIVE.xattr.com.apple.provenance'
tar: Ignoring unknown extended header keyword 'LIBARCHIVE.xattr.com.apple.provenance'
tar: Ignoring unknown extended header keyword 'LIBARCHIVE.xattr.com.apple.provenance'
tar: Ignoring unknown extended header keyword 'LIBARCHIVE.xattr.com.apple.provenance'
tar: Ignoring unknown extended header keyword 'LIBARCHIVE.xattr.com.apple.provenance'
tar: Ignoring unknown extended header keyword 'LIBARCHIVE.xattr.com.apple.provenance'
tar: Ignoring unknown extended header keyword 'LIBARCHIVE.xattr.com.apple.provenance'
tar: Ignoring unknown extended header keyword 'LIBARCHIVE.xattr.com.apple.provenance'
tar: Ignoring unknown extended header keyword 'LIBARCHIVE.xattr.com.apple.provenance'
tar: Ignoring unknown extended header keyword 'LIBARCHIVE.xattr.com.apple.provenance'
tar: Ignoring unknown extended header keyword 'LIBARCHIVE.xattr.com.apple.provenance'
tar: Ignoring unknown extended header keyword 'LIBARCHIVE.xattr.com.apple.provenance'
tar: Ignoring unknown extended header keyword 'LIBARCHIVE.xattr.com.apple.provenance'
tar: Ignoring unknown extended header keyword 'LIBARCHIVE.xattr.com.apple.provenance'
tar: Ignoring unknown extended header keyword 'LIBARCHIVE.xattr.com.apple.provenance'
tar: Ignoring unknown extended header keyword 'LIBARCHIVE.xattr.com.apple.provenance'
tar: Ignoring unknown extended header keyword 'LIBARCHIVE.xattr.com.apple.provenance'
tar: Ignoring unknown extended header keyword 'LIBARCHIVE.xattr.com.apple.provenance'
tar: Ignoring unknown extended header keyword 'LIBARCHIVE.xattr.com.apple.provenance'
tar: Ignoring unknown extended header keyword 'LIBARCHIVE.xattr.com.apple.provenance'
tar: Ignoring unknown extended header keyword 'LIBARCHIVE.xattr.com.apple.provenance'
tar: Ignoring unknown extended header keyword 'LIBARCHIVE.xattr.com.apple.provenance'
tar: Ignoring unknown extended header keyword 'LIBARCHIVE.xattr.com.apple.provenance'
tar: Ignoring unknown extended header keyword 'LIBARCHIVE.xattr.com.apple.provenance'
tar: Ignoring unknown extended header keyword 'LIBARCHIVE.xattr.com.apple.provenance'
tar: Ignoring unknown extended header keyword 'LIBARCHIVE.xattr.com.apple.provenance'
tar: Ignoring unknown extended header keyword 'LIBARCHIVE.xattr.com.apple.provenance'
tar: Ignoring unknown extended header keyword 'LIBARCHIVE.xattr.com.apple.provenance'
tar: Ignoring unknown extended header keyword 'LIBARCHIVE.xattr.com.apple.provenance'
tar: Ignoring unknown extended header keyword 'LIBARCHIVE.xattr.com.apple.provenance'
tar: Ignoring unknown extended header keyword 'LIBARCHIVE.xattr.com.apple.provenance'
tar: Ignoring unknown extended header keyword 'LIBARCHIVE.xattr.com.apple.provenance'
tar: Ignoring unknown extended header keyword 'LIBARCHIVE.xattr.com.apple.provenance'
tar: Ignoring unknown extended header keyword 'LIBARCHIVE.xattr.com.apple.provenance'
tar: Ignoring unknown extended header keyword 'LIBARCHIVE.xattr.com.apple.provenance'
tar: Ignoring unknown extended header keyword 'LIBARCHIVE.xattr.com.apple.provenance'
tar: Ignoring unknown extended header keyword 'LIBARCHIVE.xattr.com.apple.provenance'
tar: Ignoring unknown extended header keyword 'LIBARCHIVE.xattr.com.apple.provenance'
tar: Ignoring unknown extended header keyword 'LIBARCHIVE.xattr.com.apple.provenance'
tar: Ignoring unknown extended header keyword 'LIBARCHIVE.xattr.com.apple.provenance'
tar: Ignoring unknown extended header keyword 'LIBARCHIVE.xattr.com.apple.provenance'
tar: Ignoring unknown extended header keyword 'LIBARCHIVE.xattr.com.apple.provenance'
tar: Ignoring unknown extended header keyword 'LIBARCHIVE.xattr.com.apple.provenance'
tar: Ignoring unknown extended header keyword 'LIBARCHIVE.xattr.com.apple.provenance'
tar: Ignoring unknown extended header keyword 'LIBARCHIVE.xattr.com.apple.provenance'
tar: Ignoring unknown extended header keyword 'LIBARCHIVE.xattr.com.apple.provenance'
tar: Ignoring unknown extended header keyword 'LIBARCHIVE.xattr.com.apple.provenance'
tar: Ignoring unknown extended header keyword 'LIBARCHIVE.xattr.com.apple.provenance'
tar: Ignoring unknown extended header keyword 'LIBARCHIVE.xattr.com.apple.provenance'
tar: Ignoring unknown extended header keyword 'LIBARCHIVE.xattr.com.apple.provenance'
tar: Ignoring unknown extended header keyword 'LIBARCHIVE.xattr.com.apple.provenance'
tar: Ignoring unknown extended header keyword 'LIBARCHIVE.xattr.com.apple.provenance'
tar: Ignoring unknown extended header keyword 'LIBARCHIVE.xattr.com.apple.provenance'
tar: Ignoring unknown extended header keyword 'LIBARCHIVE.xattr.com.apple.provenance'
tar: Ignoring unknown extended header keyword 'LIBARCHIVE.xattr.com.apple.provenance'
tar: Ignoring unknown extended header keyword 'LIBARCHIVE.xattr.com.apple.provenance'
tar: Ignoring unknown extended header keyword 'LIBARCHIVE.xattr.com.apple.provenance'
tar: Ignoring unknown extended header keyword 'LIBARCHIVE.xattr.com.apple.provenance'
tar: Ignoring unknown extended header keyword 'LIBARCHIVE.xattr.com.apple.provenance'
tar: Ignoring unknown extended header keyword 'LIBARCHIVE.xattr.com.apple.provenance'
tar: Ignoring unknown extended header keyword 'LIBARCHIVE.xattr.com.apple.provenance'
tar: Ignoring unknown extended header keyword 'LIBARCHIVE.xattr.com.apple.provenance'
tar: Ignoring unknown extended header keyword 'LIBARCHIVE.xattr.com.apple.provenance'
tar: Ignoring unknown extended header keyword 'LIBARCHIVE.xattr.com.apple.provenance'
tar: Ignoring unknown extended header keyword 'LIBARCHIVE.xattr.com.apple.provenance'
tar: Ignoring unknown extended header keyword 'LIBARCHIVE.xattr.com.apple.provenance'
tar: Ignoring unknown extended header keyword 'LIBARCHIVE.xattr.com.apple.provenance'
tar: Ignoring unknown extended header keyword 'LIBARCHIVE.xattr.com.apple.provenance'
tar: Ignoring unknown extended header keyword 'LIBARCHIVE.xattr.com.apple.provenance'
tar: Ignoring unknown extended header keyword 'LIBARCHIVE.xattr.com.apple.provenance'
tar: Ignoring unknown extended header keyword 'LIBARCHIVE.xattr.com.apple.provenance'
tar: Ignoring unknown extended header keyword 'LIBARCHIVE.xattr.com.apple.provenance'
tar: Ignoring unknown extended header keyword 'LIBARCHIVE.xattr.com.apple.provenance'
tar: Ignoring unknown extended header keyword 'LIBARCHIVE.xattr.com.apple.provenance'
tar: Ignoring unknown extended header keyword 'LIBARCHIVE.xattr.com.apple.provenance'
tar: Ignoring unknown extended header keyword 'LIBARCHIVE.xattr.com.apple.provenance'
tar: Ignoring unknown extended header keyword 'LIBARCHIVE.xattr.com.apple.provenance'
tar: Ignoring unknown extended header keyword 'LIBARCHIVE.xattr.com.apple.provenance'
tar: Ignoring unknown extended header keyword 'LIBARCHIVE.xattr.com.apple.provenance'
tar: Ignoring unknown extended header keyword 'LIBARCHIVE.xattr.com.apple.provenance'
tar: Ignoring unknown extended header keyword 'LIBARCHIVE.xattr.com.apple.provenance'
tar: Ignoring unknown extended header keyword 'LIBARCHIVE.xattr.com.apple.provenance'
tar: Ignoring unknown extended header keyword 'LIBARCHIVE.xattr.com.apple.provenance'
tar: Ignoring unknown extended header keyword 'LIBARCHIVE.xattr.com.apple.provenance'
tar: Ignoring unknown extended header keyword 'LIBARCHIVE.xattr.com.apple.provenance'
tar: Ignoring unknown extended header keyword 'LIBARCHIVE.xattr.com.apple.provenance'
tar: Ignoring unknown extended header keyword 'LIBARCHIVE.xattr.com.apple.provenance'
tar: Ignoring unknown extended header keyword 'LIBARCHIVE.xattr.com.apple.provenance'
tar: Ignoring unknown extended header keyword 'LIBARCHIVE.xattr.com.apple.provenance'
tar: Ignoring unknown extended header keyword 'LIBARCHIVE.xattr.com.apple.provenance'
tar: Ignoring unknown extended header keyword 'LIBARCHIVE.xattr.com.apple.provenance'
tar: Ignoring unknown extended header keyword 'LIBARCHIVE.xattr.com.apple.provenance'
tar: Ignoring unknown extended header keyword 'LIBARCHIVE.xattr.com.apple.provenance'
tar: Ignoring unknown extended header keyword 'LIBARCHIVE.xattr.com.apple.provenance'
tar: Ignoring unknown extended header keyword 'LIBARCHIVE.xattr.com.apple.provenance'
tar: Ignoring unknown extended header keyword 'LIBARCHIVE.xattr.com.apple.provenance'
tar: Ignoring unknown extended header keyword 'LIBARCHIVE.xattr.com.apple.provenance'
tar: Ignoring unknown extended header keyword 'LIBARCHIVE.xattr.com.apple.provenance'
tar: Ignoring unknown extended header keyword 'LIBARCHIVE.xattr.com.apple.provenance'
tar: Ignoring unknown extended header keyword 'LIBARCHIVE.xattr.com.apple.provenance'
tar: Ignoring unknown extended header keyword 'LIBARCHIVE.xattr.com.apple.provenance'
tar: Ignoring unknown extended header keyword 'LIBARCHIVE.xattr.com.apple.provenance'
tar: Ignoring unknown extended header keyword 'LIBARCHIVE.xattr.com.apple.provenance'
tar: Ignoring unknown extended header keyword 'LIBARCHIVE.xattr.com.apple.provenance'
tar: Ignoring unknown extended header keyword 'LIBARCHIVE.xattr.com.apple.provenance'
tar: Ignoring unknown extended header keyword 'LIBARCHIVE.xattr.com.apple.provenance'
tar: Ignoring unknown extended header keyword 'LIBARCHIVE.xattr.com.apple.provenance'
tar: Ignoring unknown extended header keyword 'LIBARCHIVE.xattr.com.apple.provenance'
tar: Ignoring unknown extended header keyword 'LIBARCHIVE.xattr.com.apple.provenance'
tar: Ignoring unknown extended header keyword 'LIBARCHIVE.xattr.com.apple.provenance'
tar: Ignoring unknown extended header keyword 'LIBARCHIVE.xattr.com.apple.provenance'
tar: Ignoring unknown extended header keyword 'LIBARCHIVE.xattr.com.apple.provenance'
tar: Ignoring unknown extended header keyword 'LIBARCHIVE.xattr.com.apple.provenance'
tar: Ignoring unknown extended header keyword 'LIBARCHIVE.xattr.com.apple.provenance'
tar: Ignoring unknown extended header keyword 'LIBARCHIVE.xattr.com.apple.provenance'
tar: Ignoring unknown extended header keyword 'LIBARCHIVE.xattr.com.apple.provenance'
tar: Ignoring unknown extended header keyword 'LIBARCHIVE.xattr.com.apple.provenance'
tar: Ignoring unknown extended header keyword 'LIBARCHIVE.xattr.com.apple.provenance'
tar: Ignoring unknown extended header keyword 'LIBARCHIVE.xattr.com.apple.provenance'
tar: Ignoring unknown extended header keyword 'LIBARCHIVE.xattr.com.apple.provenance'
tar: Ignoring unknown extended header keyword 'LIBARCHIVE.xattr.com.apple.provenance'
tar: Ignoring unknown extended header keyword 'LIBARCHIVE.xattr.com.apple.provenance'
tar: Ignoring unknown extended header keyword 'LIBARCHIVE.xattr.com.apple.provenance'
tar: Ignoring unknown extended header keyword 'LIBARCHIVE.xattr.com.apple.provenance'
tar: Ignoring unknown extended header keyword 'LIBARCHIVE.xattr.com.apple.provenance'
tar: Ignoring unknown extended header keyword 'LIBARCHIVE.xattr.com.apple.provenance'
tar: Ignoring unknown extended header keyword 'LIBARCHIVE.xattr.com.apple.provenance'
tar: Ignoring unknown extended header keyword 'LIBARCHIVE.xattr.com.apple.provenance'
tar: Ignoring unknown extended header keyword 'LIBARCHIVE.xattr.com.apple.provenance'
tar: Ignoring unknown extended header keyword 'LIBARCHIVE.xattr.com.apple.provenance'
tar: Ignoring unknown extended header keyword 'LIBARCHIVE.xattr.com.apple.provenance'
tar: Ignoring unknown extended header keyword 'LIBARCHIVE.xattr.com.apple.provenance'
tar: Ignoring unknown extended header keyword 'LIBARCHIVE.xattr.com.apple.provenance'
tar: Ignoring unknown extended header keyword 'LIBARCHIVE.xattr.com.apple.provenance'
tar: Ignoring unknown extended header keyword 'LIBARCHIVE.xattr.com.apple.provenance'
tar: Ignoring unknown extended header keyword 'LIBARCHIVE.xattr.com.apple.provenance'
tar: Ignoring unknown extended header keyword 'LIBARCHIVE.xattr.com.apple.provenance'
tar: Ignoring unknown extended header keyword 'LIBARCHIVE.xattr.com.apple.provenance'
tar: Ignoring unknown extended header keyword 'LIBARCHIVE.xattr.com.apple.provenance'
tar: Ignoring unknown extended header keyword 'LIBARCHIVE.xattr.com.apple.provenance'
tar: Ignoring unknown extended header keyword 'LIBARCHIVE.xattr.com.apple.provenance'
tar: Ignoring unknown extended header keyword 'LIBARCHIVE.xattr.com.apple.provenance'
tar: Ignoring unknown extended header keyword 'LIBARCHIVE.xattr.com.apple.provenance'
tar: Ignoring unknown extended header keyword 'LIBARCHIVE.xattr.com.apple.provenance'
tar: Ignoring unknown extended header keyword 'LIBARCHIVE.xattr.com.apple.provenance'
tar: Ignoring unknown extended header keyword 'LIBARCHIVE.xattr.com.apple.provenance'
tar: Ignoring unknown extended header keyword 'LIBARCHIVE.xattr.com.apple.provenance'
tar: Ignoring unknown extended header keyword 'LIBARCHIVE.xattr.com.apple.provenance'
tar: Ignoring unknown extended header keyword 'LIBARCHIVE.xattr.com.apple.provenance'
tar: Ignoring unknown extended header keyword 'LIBARCHIVE.xattr.com.apple.provenance'
tar: Ignoring unknown extended header keyword 'LIBARCHIVE.xattr.com.apple.provenance'
tar: Ignoring unknown extended header keyword 'LIBARCHIVE.xattr.com.apple.provenance'
tar: Ignoring unknown extended header keyword 'LIBARCHIVE.xattr.com.apple.provenance'
tar: Ignoring unknown extended header keyword 'LIBARCHIVE.xattr.com.apple.provenance'
tar: Ignoring unknown extended header keyword 'LIBARCHIVE.xattr.com.apple.provenance'
tar: Ignoring unknown extended header keyword 'LIBARCHIVE.xattr.com.apple.provenance'
tar: Ignoring unknown extended header keyword 'LIBARCHIVE.xattr.com.apple.provenance'
tar: Ignoring unknown extended header keyword 'LIBARCHIVE.xattr.com.apple.provenance'
tar: Ignoring unknown extended header keyword 'LIBARCHIVE.xattr.com.apple.provenance'
tar: Ignoring unknown extended header keyword 'LIBARCHIVE.xattr.com.apple.provenance'
tar: Ignoring unknown extended header keyword 'LIBARCHIVE.xattr.com.apple.provenance'
tar: Ignoring unknown extended header keyword 'LIBARCHIVE.xattr.com.apple.provenance'
tar: Ignoring unknown extended header keyword 'LIBARCHIVE.xattr.com.apple.provenance'
tar: Ignoring unknown extended header keyword 'LIBARCHIVE.xattr.com.apple.provenance'
tar: Ignoring unknown extended header keyword 'LIBARCHIVE.xattr.com.apple.provenance'
tar: Ignoring unknown extended header keyword 'LIBARCHIVE.xattr.com.apple.provenance'
tar: Ignoring unknown extended header keyword 'LIBARCHIVE.xattr.com.apple.provenance'
tar: Ignoring unknown extended header keyword 'LIBARCHIVE.xattr.com.apple.provenance'
tar: Ignoring unknown extended header keyword 'LIBARCHIVE.xattr.com.apple.provenance'
tar: Ignoring unknown extended header keyword 'LIBARCHIVE.xattr.com.apple.provenance'
tar: Ignoring unknown extended header keyword 'LIBARCHIVE.xattr.com.apple.provenance'
tar: Ignoring unknown extended header keyword 'LIBARCHIVE.xattr.com.apple.provenance'
tar: Ignoring unknown extended header keyword 'LIBARCHIVE.xattr.com.apple.provenance'
tar: Ignoring unknown extended header keyword 'LIBARCHIVE.xattr.com.apple.provenance'
tar: Ignoring unknown extended header keyword 'LIBARCHIVE.xattr.com.apple.provenance'
tar: Ignoring unknown extended header keyword 'LIBARCHIVE.xattr.com.apple.provenance'
tar: Ignoring unknown extended header keyword 'LIBARCHIVE.xattr.com.apple.provenance'
tar: Ignoring unknown extended header keyword 'LIBARCHIVE.xattr.com.apple.provenance'
tar: Ignoring unknown extended header keyword 'LIBARCHIVE.xattr.com.apple.provenance'
tar: Ignoring unknown extended header keyword 'LIBARCHIVE.xattr.com.apple.provenance'
tar: Ignoring unknown extended header keyword 'LIBARCHIVE.xattr.com.apple.provenance'
tar: Ignoring unknown extended header keyword 'LIBARCHIVE.xattr.com.apple.provenance'
tar: Ignoring unknown extended header keyword 'LIBARCHIVE.xattr.com.apple.provenance'
tar: Ignoring unknown extended header keyword 'LIBARCHIVE.xattr.com.apple.provenance'
tar: Ignoring unknown extended header keyword 'LIBARCHIVE.xattr.com.apple.provenance'
tar: Ignoring unknown extended header keyword 'LIBARCHIVE.xattr.com.apple.provenance'
tar: Ignoring unknown extended header keyword 'LIBARCHIVE.xattr.com.apple.provenance'
tar: Ignoring unknown extended header keyword 'LIBARCHIVE.xattr.com.apple.provenance'
tar: Ignoring unknown extended header keyword 'LIBARCHIVE.xattr.com.apple.provenance'
tar: Ignoring unknown extended header keyword 'LIBARCHIVE.xattr.com.apple.provenance'
tar: Ignoring unknown extended header keyword 'LIBARCHIVE.xattr.com.apple.provenance'
tar: Ignoring unknown extended header keyword 'LIBARCHIVE.xattr.com.apple.provenance'
tar: Ignoring unknown extended header keyword 'LIBARCHIVE.xattr.com.apple.provenance'
tar: Ignoring unknown extended header keyword 'LIBARCHIVE.xattr.com.apple.provenance'
tar: Ignoring unknown extended header keyword 'LIBARCHIVE.xattr.com.apple.provenance'
tar: Ignoring unknown extended header keyword 'LIBARCHIVE.xattr.com.apple.provenance'
tar: Ignoring unknown extended header keyword 'LIBARCHIVE.xattr.com.apple.provenance'
tar: Ignoring unknown extended header keyword 'LIBARCHIVE.xattr.com.apple.provenance'
tar: Ignoring unknown extended header keyword 'LIBARCHIVE.xattr.com.apple.provenance'
tar: Ignoring unknown extended header keyword 'LIBARCHIVE.xattr.com.apple.provenance'
tar: Ignoring unknown extended header keyword 'LIBARCHIVE.xattr.com.apple.provenance'
tar: Ignoring unknown extended header keyword 'LIBARCHIVE.xattr.com.apple.provenance'
tar: Ignoring unknown extended header keyword 'LIBARCHIVE.xattr.com.apple.provenance'
tar: Ignoring unknown extended header keyword 'LIBARCHIVE.xattr.com.apple.provenance'
tar: Ignoring unknown extended header keyword 'LIBARCHIVE.xattr.com.apple.provenance'
tar: Ignoring unknown extended header keyword 'LIBARCHIVE.xattr.com.apple.provenance'
tar: Ignoring unknown extended header keyword 'LIBARCHIVE.xattr.com.apple.provenance'
tar: Ignoring unknown extended header keyword 'LIBARCHIVE.xattr.com.apple.provenance'
tar: Ignoring unknown extended header keyword 'LIBARCHIVE.xattr.com.apple.provenance'
tar: Ignoring unknown extended header keyword 'LIBARCHIVE.xattr.com.apple.provenance'
tar: Ignoring unknown extended header keyword 'LIBARCHIVE.xattr.com.apple.provenance'
tar: Ignoring unknown extended header keyword 'LIBARCHIVE.xattr.com.apple.provenance'
tar: Ignoring unknown extended header keyword 'LIBARCHIVE.xattr.com.apple.provenance'
tar: Ignoring unknown extended header keyword 'LIBARCHIVE.xattr.com.apple.provenance'
tar: Ignoring unknown extended header keyword 'LIBARCHIVE.xattr.com.apple.provenance'
tar: Ignoring unknown extended header keyword 'LIBARCHIVE.xattr.com.apple.provenance'
tar: Ignoring unknown extended header keyword 'LIBARCHIVE.xattr.com.apple.provenance'
tar: Ignoring unknown extended header keyword 'LIBARCHIVE.xattr.com.apple.provenance'
tar: Ignoring unknown extended header keyword 'LIBARCHIVE.xattr.com.apple.provenance'
tar: Ignoring unknown extended header keyword 'LIBARCHIVE.xattr.com.apple.provenance'
tar: Ignoring unknown extended header keyword 'LIBARCHIVE.xattr.com.apple.provenance'
tar: Ignoring unknown extended header keyword 'LIBARCHIVE.xattr.com.apple.provenance'
tar: Ignoring unknown extended header keyword 'LIBARCHIVE.xattr.com.apple.provenance'
tar: Ignoring unknown extended header keyword 'LIBARCHIVE.xattr.com.apple.provenance'
tar: Ignoring unknown extended header keyword 'LIBARCHIVE.xattr.com.apple.provenance'
tar: Ignoring unknown extended header keyword 'LIBARCHIVE.xattr.com.apple.provenance'
tar: Ignoring unknown extended header keyword 'LIBARCHIVE.xattr.com.apple.provenance'
tar: Ignoring unknown extended header keyword 'LIBARCHIVE.xattr.com.apple.provenance'
tar: Ignoring unknown extended header keyword 'LIBARCHIVE.xattr.com.apple.provenance'
tar: Ignoring unknown extended header keyword 'LIBARCHIVE.xattr.com.apple.provenance'
tar: Ignoring unknown extended header keyword 'LIBARCHIVE.xattr.com.apple.provenance'
tar: Ignoring unknown extended header keyword 'LIBARCHIVE.xattr.com.apple.provenance'
tar: Ignoring unknown extended header keyword 'LIBARCHIVE.xattr.com.apple.provenance'
tar: Ignoring unknown extended header keyword 'LIBARCHIVE.xattr.com.apple.provenance'
tar: Ignoring unknown extended header keyword 'LIBARCHIVE.xattr.com.apple.provenance'
tar: Ignoring unknown extended header keyword 'LIBARCHIVE.xattr.com.apple.provenance'
tar: Ignoring unknown extended header keyword 'LIBARCHIVE.xattr.com.apple.provenance'
tar: Ignoring unknown extended header keyword 'LIBARCHIVE.xattr.com.apple.provenance'
tar: Ignoring unknown extended header keyword 'LIBARCHIVE.xattr.com.apple.provenance'
tar: Ignoring unknown extended header keyword 'LIBARCHIVE.xattr.com.apple.provenance'
tar: Ignoring unknown extended header keyword 'LIBARCHIVE.xattr.com.apple.provenance'
tar: Ignoring unknown extended header keyword 'LIBARCHIVE.xattr.com.apple.provenance'
tar: Ignoring unknown extended header keyword 'LIBARCHIVE.xattr.com.apple.provenance'
tar: Ignoring unknown extended header keyword 'LIBARCHIVE.xattr.com.apple.provenance'
tar: Ignoring unknown extended header keyword 'LIBARCHIVE.xattr.com.apple.provenance'
tar: Ignoring unknown extended header keyword 'LIBARCHIVE.xattr.com.apple.provenance'
tar: Ignoring unknown extended header keyword 'LIBARCHIVE.xattr.com.apple.provenance'
tar: Ignoring unknown extended header keyword 'LIBARCHIVE.xattr.com.apple.provenance'
tar: Ignoring unknown extended header keyword 'LIBARCHIVE.xattr.com.apple.provenance'
tar: Ignoring unknown extended header keyword 'LIBARCHIVE.xattr.com.apple.provenance'
tar: Ignoring unknown extended header keyword 'LIBARCHIVE.xattr.com.apple.provenance'
tar: Ignoring unknown extended header keyword 'LIBARCHIVE.xattr.com.apple.provenance'
tar: Ignoring unknown extended header keyword 'LIBARCHIVE.xattr.com.apple.provenance'
tar: Ignoring unknown extended header keyword 'LIBARCHIVE.xattr.com.apple.provenance'
tar: Ignoring unknown extended header keyword 'LIBARCHIVE.xattr.com.apple.provenance'
tar: Ignoring unknown extended header keyword 'LIBARCHIVE.xattr.com.apple.provenance'
tar: Ignoring unknown extended header keyword 'LIBARCHIVE.xattr.com.apple.provenance'
tar: Ignoring unknown extended header keyword 'LIBARCHIVE.xattr.com.apple.provenance'
tar: Ignoring unknown extended header keyword 'LIBARCHIVE.xattr.com.apple.provenance'
tar: Ignoring unknown extended header keyword 'LIBARCHIVE.xattr.com.apple.provenance'
tar: Ignoring unknown extended header keyword 'LIBARCHIVE.xattr.com.apple.provenance'
tar: Ignoring unknown extended header keyword 'LIBARCHIVE.xattr.com.apple.provenance'
tar: Ignoring unknown extended header keyword 'LIBARCHIVE.xattr.com.apple.provenance'
tar: Ignoring unknown extended header keyword 'LIBARCHIVE.xattr.com.apple.provenance'
tar: Ignoring unknown extended header keyword 'LIBARCHIVE.xattr.com.apple.provenance'
tar: Ignoring unknown extended header keyword 'LIBARCHIVE.xattr.com.apple.provenance'
tar: Ignoring unknown extended header keyword 'LIBARCHIVE.xattr.com.apple.provenance'
tar: Ignoring unknown extended header keyword 'LIBARCHIVE.xattr.com.apple.provenance'
tar: Ignoring unknown extended header keyword 'LIBARCHIVE.xattr.com.apple.provenance'
tar: Ignoring unknown extended header keyword 'LIBARCHIVE.xattr.com.apple.provenance'
tar: Ignoring unknown extended header keyword 'LIBARCHIVE.xattr.com.apple.provenance'
tar: Ignoring unknown extended header keyword 'LIBARCHIVE.xattr.com.apple.provenance'
tar: Ignoring unknown extended header keyword 'LIBARCHIVE.xattr.com.apple.provenance'
tar: Ignoring unknown extended header keyword 'LIBARCHIVE.xattr.com.apple.provenance'
tar: Ignoring unknown extended header keyword 'LIBARCHIVE.xattr.com.apple.provenance'
tar: Ignoring unknown extended header keyword 'LIBARCHIVE.xattr.com.apple.provenance'
tar: Ignoring unknown extended header keyword 'LIBARCHIVE.xattr.com.apple.provenance'
tar: Ignoring unknown extended header keyword 'LIBARCHIVE.xattr.com.apple.provenance'
tar: Ignoring unknown extended header keyword 'LIBARCHIVE.xattr.com.apple.provenance'
tar: Ignoring unknown extended header keyword 'LIBARCHIVE.xattr.com.apple.provenance'
tar: Ignoring unknown extended header keyword 'LIBARCHIVE.xattr.com.apple.provenance'
tar: Ignoring unknown extended header keyword 'LIBARCHIVE.xattr.com.apple.provenance'
tar: Ignoring unknown extended header keyword 'LIBARCHIVE.xattr.com.apple.provenance'
tar: Ignoring unknown extended header keyword 'LIBARCHIVE.xattr.com.apple.provenance'
tar: Ignoring unknown extended header keyword 'LIBARCHIVE.xattr.com.apple.provenance'
tar: Ignoring unknown extended header keyword 'LIBARCHIVE.xattr.com.apple.provenance'
tar: Ignoring unknown extended header keyword 'LIBARCHIVE.xattr.com.apple.provenance'
tar: Ignoring unknown extended header keyword 'LIBARCHIVE.xattr.com.apple.provenance'
tar: Ignoring unknown extended header keyword 'LIBARCHIVE.xattr.com.apple.provenance'
tar: Ignoring unknown extended header keyword 'LIBARCHIVE.xattr.com.apple.provenance'
tar: Ignoring unknown extended header keyword 'LIBARCHIVE.xattr.com.apple.provenance'
tar: Ignoring unknown extended header keyword 'LIBARCHIVE.xattr.com.apple.provenance'
tar: Ignoring unknown extended header keyword 'LIBARCHIVE.xattr.com.apple.provenance'
tar: Ignoring unknown extended header keyword 'LIBARCHIVE.xattr.com.apple.provenance'
tar: Ignoring unknown extended header keyword 'LIBARCHIVE.xattr.com.apple.provenance'
tar: Ignoring unknown extended header keyword 'LIBARCHIVE.xattr.com.apple.provenance'
tar: Ignoring unknown extended header keyword 'LIBARCHIVE.xattr.com.apple.provenance'
tar: Ignoring unknown extended header keyword 'LIBARCHIVE.xattr.com.apple.provenance'
tar: Ignoring unknown extended header keyword 'LIBARCHIVE.xattr.com.apple.provenance'
tar: Ignoring unknown extended header keyword 'LIBARCHIVE.xattr.com.apple.provenance'
tar: Ignoring unknown extended header keyword 'LIBARCHIVE.xattr.com.apple.provenance'
tar: Ignoring unknown extended header keyword 'LIBARCHIVE.xattr.com.apple.provenance'
tar: Ignoring unknown extended header keyword 'LIBARCHIVE.xattr.com.apple.provenance'
tar: Ignoring unknown extended header keyword 'LIBARCHIVE.xattr.com.apple.provenance'
tar: Ignoring unknown extended header keyword 'LIBARCHIVE.xattr.com.apple.provenance'
tar: Ignoring unknown extended header keyword 'LIBARCHIVE.xattr.com.apple.provenance'
tar: Ignoring unknown extended header keyword 'LIBARCHIVE.xattr.com.apple.provenance'
tar: Ignoring unknown extended header keyword 'LIBARCHIVE.xattr.com.apple.provenance'
tar: Ignoring unknown extended header keyword 'LIBARCHIVE.xattr.com.apple.provenance'
tar: Ignoring unknown extended header keyword 'LIBARCHIVE.xattr.com.apple.provenance'
tar: Ignoring unknown extended header keyword 'LIBARCHIVE.xattr.com.apple.provenance'
tar: Ignoring unknown extended header keyword 'LIBARCHIVE.xattr.com.apple.provenance'
tar: Ignoring unknown extended header keyword 'LIBARCHIVE.xattr.com.apple.provenance'
tar: Ignoring unknown extended header keyword 'LIBARCHIVE.xattr.com.apple.provenance'
tar: Ignoring unknown extended header keyword 'LIBARCHIVE.xattr.com.apple.provenance'
tar: Ignoring unknown extended header keyword 'LIBARCHIVE.xattr.com.apple.provenance'
tar: Ignoring unknown extended header keyword 'LIBARCHIVE.xattr.com.apple.provenance'
tar: Ignoring unknown extended header keyword 'LIBARCHIVE.xattr.com.apple.provenance'
tar: Ignoring unknown extended header keyword 'LIBARCHIVE.xattr.com.apple.provenance'
tar: Ignoring unknown extended header keyword 'LIBARCHIVE.xattr.com.apple.provenance'
tar: Ignoring unknown extended header keyword 'LIBARCHIVE.xattr.com.apple.provenance'
tar: Ignoring unknown extended header keyword 'LIBARCHIVE.xattr.com.apple.provenance'
tar: Ignoring unknown extended header keyword 'LIBARCHIVE.xattr.com.apple.provenance'
tar: Ignoring unknown extended header keyword 'LIBARCHIVE.xattr.com.apple.provenance'
tar: Ignoring unknown extended header keyword 'LIBARCHIVE.xattr.com.apple.provenance'
tar: Ignoring unknown extended header keyword 'LIBARCHIVE.xattr.com.apple.provenance'
tar: Ignoring unknown extended header keyword 'LIBARCHIVE.xattr.com.apple.provenance'
tar: Ignoring unknown extended header keyword 'LIBARCHIVE.xattr.com.apple.provenance'
tar: Ignoring unknown extended header keyword 'LIBARCHIVE.xattr.com.apple.provenance'
tar: Ignoring unknown extended header keyword 'LIBARCHIVE.xattr.com.apple.provenance'
tar: Ignoring unknown extended header keyword 'LIBARCHIVE.xattr.com.apple.provenance'
tar: Ignoring unknown extended header keyword 'LIBARCHIVE.xattr.com.apple.provenance'
tar: Ignoring unknown extended header keyword 'LIBARCHIVE.xattr.com.apple.provenance'
tar: Ignoring unknown extended header keyword 'LIBARCHIVE.xattr.com.apple.provenance'
tar: Ignoring unknown extended header keyword 'LIBARCHIVE.xattr.com.apple.provenance'
tar: Ignoring unknown extended header keyword 'LIBARCHIVE.xattr.com.apple.provenance'
tar: Ignoring unknown extended header keyword 'LIBARCHIVE.xattr.com.apple.provenance'
tar: Ignoring unknown extended header keyword 'LIBARCHIVE.xattr.com.apple.provenance'
tar: Ignoring unknown extended header keyword 'LIBARCHIVE.xattr.com.apple.provenance'
tar: Ignoring unknown extended header keyword 'LIBARCHIVE.xattr.com.apple.provenance'
tar: Ignoring unknown extended header keyword 'LIBARCHIVE.xattr.com.apple.provenance'
tar: Ignoring unknown extended header keyword 'LIBARCHIVE.xattr.com.apple.provenance'
tar: Ignoring unknown extended header keyword 'LIBARCHIVE.xattr.com.apple.provenance'
tar: Ignoring unknown extended header keyword 'LIBARCHIVE.xattr.com.apple.provenance'
tar: Ignoring unknown extended header keyword 'LIBARCHIVE.xattr.com.apple.provenance'
tar: Ignoring unknown extended header keyword 'LIBARCHIVE.xattr.com.apple.provenance'
tar: Ignoring unknown extended header keyword 'LIBARCHIVE.xattr.com.apple.provenance'
tar: Ignoring unknown extended header keyword 'LIBARCHIVE.xattr.com.apple.provenance'
tar: Ignoring unknown extended header keyword 'LIBARCHIVE.xattr.com.apple.provenance'
tar: Ignoring unknown extended header keyword 'LIBARCHIVE.xattr.com.apple.provenance'
tar: Ignoring unknown extended header keyword 'LIBARCHIVE.xattr.com.apple.provenance'
tar: Ignoring unknown extended header keyword 'LIBARCHIVE.xattr.com.apple.provenance'
tar: Ignoring unknown extended header keyword 'LIBARCHIVE.xattr.com.apple.provenance'
tar: Ignoring unknown extended header keyword 'LIBARCHIVE.xattr.com.apple.provenance'
tar: Ignoring unknown extended header keyword 'LIBARCHIVE.xattr.com.apple.provenance'
tar: Ignoring unknown extended header keyword 'LIBARCHIVE.xattr.com.apple.provenance'
tar: Ignoring unknown extended header keyword 'LIBARCHIVE.xattr.com.apple.provenance'
tar: Ignoring unknown extended header keyword 'LIBARCHIVE.xattr.com.apple.provenance'
tar: Ignoring unknown extended header keyword 'LIBARCHIVE.xattr.com.apple.provenance'
tar: Ignoring unknown extended header keyword 'LIBARCHIVE.xattr.com.apple.provenance'
tar: Ignoring unknown extended header keyword 'LIBARCHIVE.xattr.com.apple.provenance'
tar: Ignoring unknown extended header keyword 'LIBARCHIVE.xattr.com.apple.provenance'
tar: Ignoring unknown extended header keyword 'LIBARCHIVE.xattr.com.apple.provenance'
tar: Ignoring unknown extended header keyword 'LIBARCHIVE.xattr.com.apple.provenance'
tar: Ignoring unknown extended header keyword 'LIBARCHIVE.xattr.com.apple.provenance'
tar: Ignoring unknown extended header keyword 'LIBARCHIVE.xattr.com.apple.provenance'
tar: Ignoring unknown extended header keyword 'LIBARCHIVE.xattr.com.apple.provenance'
tar: Ignoring unknown extended header keyword 'LIBARCHIVE.xattr.com.apple.provenance'
tar: Ignoring unknown extended header keyword 'LIBARCHIVE.xattr.com.apple.provenance'
tar: Ignoring unknown extended header keyword 'LIBARCHIVE.xattr.com.apple.provenance'
tar: Ignoring unknown extended header keyword 'LIBARCHIVE.xattr.com.apple.provenance'
tar: Ignoring unknown extended header keyword 'LIBARCHIVE.xattr.com.apple.provenance'
tar: Ignoring unknown extended header keyword 'LIBARCHIVE.xattr.com.apple.provenance'
tar: Ignoring unknown extended header keyword 'LIBARCHIVE.xattr.com.apple.provenance'
tar: Ignoring unknown extended header keyword 'LIBARCHIVE.xattr.com.apple.provenance'
tar: Ignoring unknown extended header keyword 'LIBARCHIVE.xattr.com.apple.provenance'
tar: Ignoring unknown extended header keyword 'LIBARCHIVE.xattr.com.apple.provenance'
tar: Ignoring unknown extended header keyword 'LIBARCHIVE.xattr.com.apple.provenance'
tar: Ignoring unknown extended header keyword 'LIBARCHIVE.xattr.com.apple.provenance'
tar: Ignoring unknown extended header keyword 'LIBARCHIVE.xattr.com.apple.provenance'
tar: Ignoring unknown extended header keyword 'LIBARCHIVE.xattr.com.apple.provenance'
tar: Ignoring unknown extended header keyword 'LIBARCHIVE.xattr.com.apple.provenance'
tar: Ignoring unknown extended header keyword 'LIBARCHIVE.xattr.com.apple.provenance'
tar: Ignoring unknown extended header keyword 'LIBARCHIVE.xattr.com.apple.provenance'
tar: Ignoring unknown extended header keyword 'LIBARCHIVE.xattr.com.apple.provenance'
tar: Ignoring unknown extended header keyword 'LIBARCHIVE.xattr.com.apple.provenance'
tar: Ignoring unknown extended header keyword 'LIBARCHIVE.xattr.com.apple.provenance'
tar: Ignoring unknown extended header keyword 'LIBARCHIVE.xattr.com.apple.provenance'
tar: Ignoring unknown extended header keyword 'LIBARCHIVE.xattr.com.apple.provenance'
tar: Ignoring unknown extended header keyword 'LIBARCHIVE.xattr.com.apple.provenance'
tar: Ignoring unknown extended header keyword 'LIBARCHIVE.xattr.com.apple.provenance'
tar: Ignoring unknown extended header keyword 'LIBARCHIVE.xattr.com.apple.provenance'
tar: Ignoring unknown extended header keyword 'LIBARCHIVE.xattr.com.apple.provenance'
tar: Ignoring unknown extended header keyword 'LIBARCHIVE.xattr.com.apple.provenance'
tar: Ignoring unknown extended header keyword 'LIBARCHIVE.xattr.com.apple.provenance'
tar: Ignoring unknown extended header keyword 'LIBARCHIVE.xattr.com.apple.provenance'
tar: Ignoring unknown extended header keyword 'LIBARCHIVE.xattr.com.apple.provenance'
tar: Ignoring unknown extended header keyword 'LIBARCHIVE.xattr.com.apple.provenance'
tar: Ignoring unknown extended header keyword 'LIBARCHIVE.xattr.com.apple.provenance'
tar: Ignoring unknown extended header keyword 'LIBARCHIVE.xattr.com.apple.provenance'
tar: Ignoring unknown extended header keyword 'LIBARCHIVE.xattr.com.apple.provenance'
tar: Ignoring unknown extended header keyword 'LIBARCHIVE.xattr.com.apple.provenance'
tar: Ignoring unknown extended header keyword 'LIBARCHIVE.xattr.com.apple.provenance'
tar: Ignoring unknown extended header keyword 'LIBARCHIVE.xattr.com.apple.provenance'
tar: Ignoring unknown extended header keyword 'LIBARCHIVE.xattr.com.apple.provenance'
tar: Ignoring unknown extended header keyword 'LIBARCHIVE.xattr.com.apple.provenance'
tar: Ignoring unknown extended header keyword 'LIBARCHIVE.xattr.com.apple.provenance'
tar: Ignoring unknown extended header keyword 'LIBARCHIVE.xattr.com.apple.provenance'
tar: Ignoring unknown extended header keyword 'LIBARCHIVE.xattr.com.apple.provenance'
tar: Ignoring unknown extended header keyword 'LIBARCHIVE.xattr.com.apple.provenance'
tar: Ignoring unknown extended header keyword 'LIBARCHIVE.xattr.com.apple.provenance'
tar: Ignoring unknown extended header keyword 'LIBARCHIVE.xattr.com.apple.provenance'
tar: Ignoring unknown extended header keyword 'LIBARCHIVE.xattr.com.apple.provenance'
tar: Ignoring unknown extended header keyword 'LIBARCHIVE.xattr.com.apple.provenance'
tar: Ignoring unknown extended header keyword 'LIBARCHIVE.xattr.com.apple.provenance'
tar: Ignoring unknown extended header keyword 'LIBARCHIVE.xattr.com.apple.provenance'
tar: Ignoring unknown extended header keyword 'LIBARCHIVE.xattr.com.apple.provenance'
tar: Ignoring unknown extended header keyword 'LIBARCHIVE.xattr.com.apple.provenance'
tar: Ignoring unknown extended header keyword 'LIBARCHIVE.xattr.com.apple.provenance'
tar: Ignoring unknown extended header keyword 'LIBARCHIVE.xattr.com.apple.provenance'
tar: Ignoring unknown extended header keyword 'LIBARCHIVE.xattr.com.apple.provenance'
tar: Ignoring unknown extended header keyword 'LIBARCHIVE.xattr.com.apple.provenance'
tar: Ignoring unknown extended header keyword 'LIBARCHIVE.xattr.com.apple.provenance'
tar: Ignoring unknown extended header keyword 'LIBARCHIVE.xattr.com.apple.provenance'
tar: Ignoring unknown extended header keyword 'LIBARCHIVE.xattr.com.apple.provenance'
tar: Ignoring unknown extended header keyword 'LIBARCHIVE.xattr.com.apple.provenance'
tar: Ignoring unknown extended header keyword 'LIBARCHIVE.xattr.com.apple.provenance'
tar: Ignoring unknown extended header keyword 'LIBARCHIVE.xattr.com.apple.provenance'
tar: Ignoring unknown extended header keyword 'LIBARCHIVE.xattr.com.apple.provenance'
tar: Ignoring unknown extended header keyword 'LIBARCHIVE.xattr.com.apple.provenance'
tar: Ignoring unknown extended header keyword 'LIBARCHIVE.xattr.com.apple.provenance'
tar: Ignoring unknown extended header keyword 'LIBARCHIVE.xattr.com.apple.provenance'
tar: Ignoring unknown extended header keyword 'LIBARCHIVE.xattr.com.apple.provenance'
tar: Ignoring unknown extended header keyword 'LIBARCHIVE.xattr.com.apple.provenance'
tar: Ignoring unknown extended header keyword 'LIBARCHIVE.xattr.com.apple.provenance'
tar: Ignoring unknown extended header keyword 'LIBARCHIVE.xattr.com.apple.provenance'
tar: Ignoring unknown extended header keyword 'LIBARCHIVE.xattr.com.apple.provenance'
tar: Ignoring unknown extended header keyword 'LIBARCHIVE.xattr.com.apple.provenance'
tar: Ignoring unknown extended header keyword 'LIBARCHIVE.xattr.com.apple.provenance'
tar: Ignoring unknown extended header keyword 'LIBARCHIVE.xattr.com.apple.provenance'
tar: Ignoring unknown extended header keyword 'LIBARCHIVE.xattr.com.apple.provenance'
tar: Ignoring unknown extended header keyword 'LIBARCHIVE.xattr.com.apple.provenance'
tar: Ignoring unknown extended header keyword 'LIBARCHIVE.xattr.com.apple.provenance'
tar: Ignoring unknown extended header keyword 'LIBARCHIVE.xattr.com.apple.provenance'
tar: Ignoring unknown extended header keyword 'LIBARCHIVE.xattr.com.apple.provenance'
tar: Ignoring unknown extended header keyword 'LIBARCHIVE.xattr.com.apple.provenance'
tar: Ignoring unknown extended header keyword 'LIBARCHIVE.xattr.com.apple.provenance'
tar: Ignoring unknown extended header keyword 'LIBARCHIVE.xattr.com.apple.provenance'
tar: Ignoring unknown extended header keyword 'LIBARCHIVE.xattr.com.apple.provenance'
tar: Ignoring unknown extended header keyword 'LIBARCHIVE.xattr.com.apple.provenance'
tar: Ignoring unknown extended header keyword 'LIBARCHIVE.xattr.com.apple.provenance'
tar: Ignoring unknown extended header keyword 'LIBARCHIVE.xattr.com.apple.provenance'
tar: Ignoring unknown extended header keyword 'LIBARCHIVE.xattr.com.apple.provenance'
tar: Ignoring unknown extended header keyword 'LIBARCHIVE.xattr.com.apple.provenance'
tar: Ignoring unknown extended header keyword 'LIBARCHIVE.xattr.com.apple.provenance'
tar: Ignoring unknown extended header keyword 'LIBARCHIVE.xattr.com.apple.provenance'
tar: Ignoring unknown extended header keyword 'LIBARCHIVE.xattr.com.apple.provenance'
tar: Ignoring unknown extended header keyword 'LIBARCHIVE.xattr.com.apple.provenance'
tar: Ignoring unknown extended header keyword 'LIBARCHIVE.xattr.com.apple.provenance'
tar: Ignoring unknown extended header keyword 'LIBARCHIVE.xattr.com.apple.provenance'
tar: Ignoring unknown extended header keyword 'LIBARCHIVE.xattr.com.apple.provenance'
tar: Ignoring unknown extended header keyword 'LIBARCHIVE.xattr.com.apple.provenance'
tar: Ignoring unknown extended header keyword 'LIBARCHIVE.xattr.com.apple.provenance'
tar: Ignoring unknown extended header keyword 'LIBARCHIVE.xattr.com.apple.provenance'
tar: Ignoring unknown extended header keyword 'LIBARCHIVE.xattr.com.apple.provenance'
tar: Ignoring unknown extended header keyword 'LIBARCHIVE.xattr.com.apple.provenance'
tar: Ignoring unknown extended header keyword 'LIBARCHIVE.xattr.com.apple.provenance'
tar: Ignoring unknown extended header keyword 'LIBARCHIVE.xattr.com.apple.provenance'
tar: Ignoring unknown extended header keyword 'LIBARCHIVE.xattr.com.apple.provenance'
tar: Ignoring unknown extended header keyword 'LIBARCHIVE.xattr.com.apple.provenance'
tar: Ignoring unknown extended header keyword 'LIBARCHIVE.xattr.com.apple.provenance'
tar: Ignoring unknown extended header keyword 'LIBARCHIVE.xattr.com.apple.provenance'
tar: Ignoring unknown extended header keyword 'LIBARCHIVE.xattr.com.apple.provenance'
tar: Ignoring unknown extended header keyword 'LIBARCHIVE.xattr.com.apple.provenance'
tar: Ignoring unknown extended header keyword 'LIBARCHIVE.xattr.com.apple.provenance'
tar: Ignoring unknown extended header keyword 'LIBARCHIVE.xattr.com.apple.provenance'
tar: Ignoring unknown extended header keyword 'LIBARCHIVE.xattr.com.apple.provenance'
tar: Ignoring unknown extended header keyword 'LIBARCHIVE.xattr.com.apple.provenance'
tar: Ignoring unknown extended header keyword 'LIBARCHIVE.xattr.com.apple.provenance'
tar: Ignoring unknown extended header keyword 'LIBARCHIVE.xattr.com.apple.provenance'
tar: Ignoring unknown extended header keyword 'LIBARCHIVE.xattr.com.apple.provenance'
tar: Ignoring unknown extended header keyword 'LIBARCHIVE.xattr.com.apple.provenance'
tar: Ignoring unknown extended header keyword 'LIBARCHIVE.xattr.com.apple.provenance'
tar: Ignoring unknown extended header keyword 'LIBARCHIVE.xattr.com.apple.provenance'
tar: Ignoring unknown extended header keyword 'LIBARCHIVE.xattr.com.apple.provenance'
tar: Ignoring unknown extended header keyword 'LIBARCHIVE.xattr.com.apple.provenance'
tar: Ignoring unknown extended header keyword 'LIBARCHIVE.xattr.com.apple.provenance'
tar: Ignoring unknown extended header keyword 'LIBARCHIVE.xattr.com.apple.provenance'
tar: Ignoring unknown extended header keyword 'LIBARCHIVE.xattr.com.apple.provenance'
tar: Ignoring unknown extended header keyword 'LIBARCHIVE.xattr.com.apple.provenance'
tar: Ignoring unknown extended header keyword 'LIBARCHIVE.xattr.com.apple.provenance'
tar: Ignoring unknown extended header keyword 'LIBARCHIVE.xattr.com.apple.provenance'
tar: Ignoring unknown extended header keyword 'LIBARCHIVE.xattr.com.apple.provenance'
tar: Ignoring unknown extended header keyword 'LIBARCHIVE.xattr.com.apple.provenance'
tar: Ignoring unknown extended header keyword 'LIBARCHIVE.xattr.com.apple.provenance'
tar: Ignoring unknown extended header keyword 'LIBARCHIVE.xattr.com.apple.provenance'
tar: Ignoring unknown extended header keyword 'LIBARCHIVE.xattr.com.apple.provenance'
tar: Ignoring unknown extended header keyword 'LIBARCHIVE.xattr.com.apple.provenance'
tar: Ignoring unknown extended header keyword 'LIBARCHIVE.xattr.com.apple.provenance'
tar: Ignoring unknown extended header keyword 'LIBARCHIVE.xattr.com.apple.provenance'
tar: Ignoring unknown extended header keyword 'LIBARCHIVE.xattr.com.apple.provenance'
tar: Ignoring unknown extended header keyword 'LIBARCHIVE.xattr.com.apple.provenance'
tar: Ignoring unknown extended header keyword 'LIBARCHIVE.xattr.com.apple.provenance'
tar: Ignoring unknown extended header keyword 'LIBARCHIVE.xattr.com.apple.provenance'
tar: Ignoring unknown extended header keyword 'LIBARCHIVE.xattr.com.apple.provenance'
tar: Ignoring unknown extended header keyword 'LIBARCHIVE.xattr.com.apple.provenance'
tar: Ignoring unknown extended header keyword 'LIBARCHIVE.xattr.com.apple.provenance'
tar: Ignoring unknown extended header keyword 'LIBARCHIVE.xattr.com.apple.provenance'
tar: Ignoring unknown extended header keyword 'LIBARCHIVE.xattr.com.apple.provenance'
tar: Ignoring unknown extended header keyword 'LIBARCHIVE.xattr.com.apple.provenance'
tar: Ignoring unknown extended header keyword 'LIBARCHIVE.xattr.com.apple.provenance'
tar: Ignoring unknown extended header keyword 'LIBARCHIVE.xattr.com.apple.provenance'
tar: Ignoring unknown extended header keyword 'LIBARCHIVE.xattr.com.apple.provenance'
tar: Ignoring unknown extended header keyword 'LIBARCHIVE.xattr.com.apple.provenance'
tar: Ignoring unknown extended header keyword 'LIBARCHIVE.xattr.com.apple.provenance'
tar: Ignoring unknown extended header keyword 'LIBARCHIVE.xattr.com.apple.provenance'
tar: Ignoring unknown extended header keyword 'LIBARCHIVE.xattr.com.apple.provenance'
tar: Ignoring unknown extended header keyword 'LIBARCHIVE.xattr.com.apple.provenance'
tar: Ignoring unknown extended header keyword 'LIBARCHIVE.xattr.com.apple.provenance'
tar: Ignoring unknown extended header keyword 'LIBARCHIVE.xattr.com.apple.provenance'
tar: Ignoring unknown extended header keyword 'LIBARCHIVE.xattr.com.apple.provenance'
tar: Ignoring unknown extended header keyword 'LIBARCHIVE.xattr.com.apple.provenance'
tar: Ignoring unknown extended header keyword 'LIBARCHIVE.xattr.com.apple.provenance'
tar: Ignoring unknown extended header keyword 'LIBARCHIVE.xattr.com.apple.provenance'
tar: Ignoring unknown extended header keyword 'LIBARCHIVE.xattr.com.apple.provenance'
tar: Ignoring unknown extended header keyword 'LIBARCHIVE.xattr.com.apple.provenance'
tar: Ignoring unknown extended header keyword 'LIBARCHIVE.xattr.com.apple.provenance'
tar: Ignoring unknown extended header keyword 'LIBARCHIVE.xattr.com.apple.provenance'
tar: Ignoring unknown extended header keyword 'LIBARCHIVE.xattr.com.apple.provenance'
tar: Ignoring unknown extended header keyword 'LIBARCHIVE.xattr.com.apple.provenance'
tar: Ignoring unknown extended header keyword 'LIBARCHIVE.xattr.com.apple.provenance'
tar: Ignoring unknown extended header keyword 'LIBARCHIVE.xattr.com.apple.provenance'
tar: Ignoring unknown extended header keyword 'LIBARCHIVE.xattr.com.apple.provenance'
tar: Ignoring unknown extended header keyword 'LIBARCHIVE.xattr.com.apple.provenance'
tar: Ignoring unknown extended header keyword 'LIBARCHIVE.xattr.com.apple.provenance'
tar: Ignoring unknown extended header keyword 'LIBARCHIVE.xattr.com.apple.provenance'
tar: Ignoring unknown extended header keyword 'LIBARCHIVE.xattr.com.apple.provenance'
tar: Ignoring unknown extended header keyword 'LIBARCHIVE.xattr.com.apple.provenance'
tar: Ignoring unknown extended header keyword 'LIBARCHIVE.xattr.com.apple.provenance'
tar: Ignoring unknown extended header keyword 'LIBARCHIVE.xattr.com.apple.provenance'
tar: Ignoring unknown extended header keyword 'LIBARCHIVE.xattr.com.apple.provenance'
tar: Ignoring unknown extended header keyword 'LIBARCHIVE.xattr.com.apple.provenance'
tar: Ignoring unknown extended header keyword 'LIBARCHIVE.xattr.com.apple.provenance'
tar: Ignoring unknown extended header keyword 'LIBARCHIVE.xattr.com.apple.provenance'
tar: Ignoring unknown extended header keyword 'LIBARCHIVE.xattr.com.apple.provenance'
tar: Ignoring unknown extended header keyword 'LIBARCHIVE.xattr.com.apple.provenance'
tar: Ignoring unknown extended header keyword 'LIBARCHIVE.xattr.com.apple.provenance'
tar: Ignoring unknown extended header keyword 'LIBARCHIVE.xattr.com.apple.provenance'
tar: Ignoring unknown extended header keyword 'LIBARCHIVE.xattr.com.apple.provenance'
tar: Ignoring unknown extended header keyword 'LIBARCHIVE.xattr.com.apple.provenance'
tar: Ignoring unknown extended header keyword 'LIBARCHIVE.xattr.com.apple.provenance'
tar: Ignoring unknown extended header keyword 'LIBARCHIVE.xattr.com.apple.provenance'
tar: Ignoring unknown extended header keyword 'LIBARCHIVE.xattr.com.apple.provenance'
tar: Ignoring unknown extended header keyword 'LIBARCHIVE.xattr.com.apple.provenance'
tar: Ignoring unknown extended header keyword 'LIBARCHIVE.xattr.com.apple.provenance'
tar: Ignoring unknown extended header keyword 'LIBARCHIVE.xattr.com.apple.provenance'
tar: Ignoring unknown extended header keyword 'LIBARCHIVE.xattr.com.apple.provenance'
tar: Ignoring unknown extended header keyword 'LIBARCHIVE.xattr.com.apple.provenance'
tar: Ignoring unknown extended header keyword 'LIBARCHIVE.xattr.com.apple.provenance'
tar: Ignoring unknown extended header keyword 'LIBARCHIVE.xattr.com.apple.provenance'
tar: Ignoring unknown extended header keyword 'LIBARCHIVE.xattr.com.apple.provenance'
tar: Ignoring unknown extended header keyword 'LIBARCHIVE.xattr.com.apple.provenance'
tar: Ignoring unknown extended header keyword 'LIBARCHIVE.xattr.com.apple.provenance'
tar: Ignoring unknown extended header keyword 'LIBARCHIVE.xattr.com.apple.provenance'
tar: Ignoring unknown extended header keyword 'LIBARCHIVE.xattr.com.apple.provenance'
tar: Ignoring unknown extended header keyword 'LIBARCHIVE.xattr.com.apple.provenance'
tar: Ignoring unknown extended header keyword 'LIBARCHIVE.xattr.com.apple.provenance'
tar: Ignoring unknown extended header keyword 'LIBARCHIVE.xattr.com.apple.provenance'
tar: Ignoring unknown extended header keyword 'LIBARCHIVE.xattr.com.apple.provenance'
tar: Ignoring unknown extended header keyword 'LIBARCHIVE.xattr.com.apple.provenance'
tar: Ignoring unknown extended header keyword 'LIBARCHIVE.xattr.com.apple.provenance'
tar: Ignoring unknown extended header keyword 'LIBARCHIVE.xattr.com.apple.provenance'
tar: Ignoring unknown extended header keyword 'LIBARCHIVE.xattr.com.apple.provenance'
tar: Ignoring unknown extended header keyword 'LIBARCHIVE.xattr.com.apple.provenance'
tar: Ignoring unknown extended header keyword 'LIBARCHIVE.xattr.com.apple.provenance'
tar: Ignoring unknown extended header keyword 'LIBARCHIVE.xattr.com.apple.provenance'
tar: Ignoring unknown extended header keyword 'LIBARCHIVE.xattr.com.apple.provenance'
tar: Ignoring unknown extended header keyword 'LIBARCHIVE.xattr.com.apple.provenance'
tar: Ignoring unknown extended header keyword 'LIBARCHIVE.xattr.com.apple.provenance'
tar: Ignoring unknown extended header keyword 'LIBARCHIVE.xattr.com.apple.provenance'
tar: Ignoring unknown extended header keyword 'LIBARCHIVE.xattr.com.apple.provenance'
tar: Ignoring unknown extended header keyword 'LIBARCHIVE.xattr.com.apple.provenance'
tar: Ignoring unknown extended header keyword 'LIBARCHIVE.xattr.com.apple.provenance'
tar: Ignoring unknown extended header keyword 'LIBARCHIVE.xattr.com.apple.provenance'
tar: Ignoring unknown extended header keyword 'LIBARCHIVE.xattr.com.apple.provenance'
tar: Ignoring unknown extended header keyword 'LIBARCHIVE.xattr.com.apple.provenance'
tar: Ignoring unknown extended header keyword 'LIBARCHIVE.xattr.com.apple.provenance'
tar: Ignoring unknown extended header keyword 'LIBARCHIVE.xattr.com.apple.provenance'
tar: Ignoring unknown extended header keyword 'LIBARCHIVE.xattr.com.apple.provenance'
tar: Ignoring unknown extended header keyword 'LIBARCHIVE.xattr.com.apple.provenance'
tar: Ignoring unknown extended header keyword 'LIBARCHIVE.xattr.com.apple.provenance'
tar: Ignoring unknown extended header keyword 'LIBARCHIVE.xattr.com.apple.provenance'
tar: Ignoring unknown extended header keyword 'LIBARCHIVE.xattr.com.apple.provenance'
tar: Ignoring unknown extended header keyword 'LIBARCHIVE.xattr.com.apple.provenance'
tar: Ignoring unknown extended header keyword 'LIBARCHIVE.xattr.com.apple.provenance'
tar: Ignoring unknown extended header keyword 'LIBARCHIVE.xattr.com.apple.provenance'
tar: Ignoring unknown extended header keyword 'LIBARCHIVE.xattr.com.apple.provenance'
tar: Ignoring unknown extended header keyword 'LIBARCHIVE.xattr.com.apple.provenance'
tar: Ignoring unknown extended header keyword 'LIBARCHIVE.xattr.com.apple.provenance'
tar: Ignoring unknown extended header keyword 'LIBARCHIVE.xattr.com.apple.provenance'
tar: Ignoring unknown extended header keyword 'LIBARCHIVE.xattr.com.apple.provenance'
tar: Ignoring unknown extended header keyword 'LIBARCHIVE.xattr.com.apple.provenance'
tar: Ignoring unknown extended header keyword 'LIBARCHIVE.xattr.com.apple.provenance'
tar: Ignoring unknown extended header keyword 'LIBARCHIVE.xattr.com.apple.provenance'
tar: Ignoring unknown extended header keyword 'LIBARCHIVE.xattr.com.apple.provenance'
tar: Ignoring unknown extended header keyword 'LIBARCHIVE.xattr.com.apple.provenance'
tar: Ignoring unknown extended header keyword 'LIBARCHIVE.xattr.com.apple.provenance'
tar: Ignoring unknown extended header keyword 'LIBARCHIVE.xattr.com.apple.provenance'
tar: Ignoring unknown extended header keyword 'LIBARCHIVE.xattr.com.apple.provenance'
tar: Ignoring unknown extended header keyword 'LIBARCHIVE.xattr.com.apple.provenance'
tar: Ignoring unknown extended header keyword 'LIBARCHIVE.xattr.com.apple.provenance'
tar: Ignoring unknown extended header keyword 'LIBARCHIVE.xattr.com.apple.provenance'
tar: Ignoring unknown extended header keyword 'LIBARCHIVE.xattr.com.apple.provenance'
tar: Ignoring unknown extended header keyword 'LIBARCHIVE.xattr.com.apple.provenance'
tar: Ignoring unknown extended header keyword 'LIBARCHIVE.xattr.com.apple.provenance'
tar: Ignoring unknown extended header keyword 'LIBARCHIVE.xattr.com.apple.provenance'
tar: Ignoring unknown extended header keyword 'LIBARCHIVE.xattr.com.apple.provenance'
tar: Ignoring unknown extended header keyword 'LIBARCHIVE.xattr.com.apple.provenance'
tar: Ignoring unknown extended header keyword 'LIBARCHIVE.xattr.com.apple.provenance'
tar: Ignoring unknown extended header keyword 'LIBARCHIVE.xattr.com.apple.provenance'
tar: Ignoring unknown extended header keyword 'LIBARCHIVE.xattr.com.apple.provenance'
tar: Ignoring unknown extended header keyword 'LIBARCHIVE.xattr.com.apple.provenance'
tar: Ignoring unknown extended header keyword 'LIBARCHIVE.xattr.com.apple.provenance'
tar: Ignoring unknown extended header keyword 'LIBARCHIVE.xattr.com.apple.provenance'
tar: Ignoring unknown extended header keyword 'LIBARCHIVE.xattr.com.apple.provenance'
tar: Ignoring unknown extended header keyword 'LIBARCHIVE.xattr.com.apple.provenance'
tar: Ignoring unknown extended header keyword 'LIBARCHIVE.xattr.com.apple.provenance'
tar: Ignoring unknown extended header keyword 'LIBARCHIVE.xattr.com.apple.provenance'
tar: Ignoring unknown extended header keyword 'LIBARCHIVE.xattr.com.apple.provenance'
tar: Ignoring unknown extended header keyword 'LIBARCHIVE.xattr.com.apple.provenance'
tar: Ignoring unknown extended header keyword 'LIBARCHIVE.xattr.com.apple.provenance'
tar: Ignoring unknown extended header keyword 'LIBARCHIVE.xattr.com.apple.provenance'
tar: Ignoring unknown extended header keyword 'LIBARCHIVE.xattr.com.apple.provenance'
tar: Ignoring unknown extended header keyword 'LIBARCHIVE.xattr.com.apple.provenance'
tar: Ignoring unknown extended header keyword 'LIBARCHIVE.xattr.com.apple.provenance'
tar: Ignoring unknown extended header keyword 'LIBARCHIVE.xattr.com.apple.provenance'
tar: Ignoring unknown extended header keyword 'LIBARCHIVE.xattr.com.apple.provenance'
tar: Ignoring unknown extended header keyword 'LIBARCHIVE.xattr.com.apple.provenance'
tar: Ignoring unknown extended header keyword 'LIBARCHIVE.xattr.com.apple.provenance'
tar: Ignoring unknown extended header keyword 'LIBARCHIVE.xattr.com.apple.provenance'
tar: Ignoring unknown extended header keyword 'LIBARCHIVE.xattr.com.apple.provenance'
tar: Ignoring unknown extended header keyword 'LIBARCHIVE.xattr.com.apple.provenance'
tar: Ignoring unknown extended header keyword 'LIBARCHIVE.xattr.com.apple.provenance'
tar: Ignoring unknown extended header keyword 'LIBARCHIVE.xattr.com.apple.provenance'
tar: Ignoring unknown extended header keyword 'LIBARCHIVE.xattr.com.apple.provenance'
tar: Ignoring unknown extended header keyword 'LIBARCHIVE.xattr.com.apple.provenance'
tar: Ignoring unknown extended header keyword 'LIBARCHIVE.xattr.com.apple.provenance'
tar: Ignoring unknown extended header keyword 'LIBARCHIVE.xattr.com.apple.provenance'
tar: Ignoring unknown extended header keyword 'LIBARCHIVE.xattr.com.apple.provenance'
tar: Ignoring unknown extended header keyword 'LIBARCHIVE.xattr.com.apple.provenance'
tar: Ignoring unknown extended header keyword 'LIBARCHIVE.xattr.com.apple.provenance'
tar: Ignoring unknown extended header keyword 'LIBARCHIVE.xattr.com.apple.provenance'
tar: Ignoring unknown extended header keyword 'LIBARCHIVE.xattr.com.apple.provenance'
tar: Ignoring unknown extended header keyword 'LIBARCHIVE.xattr.com.apple.provenance'
tar: Ignoring unknown extended header keyword 'LIBARCHIVE.xattr.com.apple.provenance'
tar: Ignoring unknown extended header keyword 'LIBARCHIVE.xattr.com.apple.provenance'
tar: Ignoring unknown extended header keyword 'LIBARCHIVE.xattr.com.apple.provenance'
tar: Ignoring unknown extended header keyword 'LIBARCHIVE.xattr.com.apple.provenance'
tar: Ignoring unknown extended header keyword 'LIBARCHIVE.xattr.com.apple.provenance'
tar: Ignoring unknown extended header keyword 'LIBARCHIVE.xattr.com.apple.provenance'
tar: Ignoring unknown extended header keyword 'LIBARCHIVE.xattr.com.apple.provenance'
tar: Ignoring unknown extended header keyword 'LIBARCHIVE.xattr.com.apple.provenance'
tar: Ignoring unknown extended header keyword 'LIBARCHIVE.xattr.com.apple.provenance'
tar: Ignoring unknown extended header keyword 'LIBARCHIVE.xattr.com.apple.provenance'
tar: Ignoring unknown extended header keyword 'LIBARCHIVE.xattr.com.apple.provenance'
tar: Ignoring unknown extended header keyword 'LIBARCHIVE.xattr.com.apple.provenance'
tar: Ignoring unknown extended header keyword 'LIBARCHIVE.xattr.com.apple.provenance'
tar: Ignoring unknown extended header keyword 'LIBARCHIVE.xattr.com.apple.provenance'
tar: Ignoring unknown extended header keyword 'LIBARCHIVE.xattr.com.apple.provenance'
tar: Ignoring unknown extended header keyword 'LIBARCHIVE.xattr.com.apple.provenance'
tar: Ignoring unknown extended header keyword 'LIBARCHIVE.xattr.com.apple.provenance'
tar: Ignoring unknown extended header keyword 'LIBARCHIVE.xattr.com.apple.provenance'
tar: Ignoring unknown extended header keyword 'LIBARCHIVE.xattr.com.apple.provenance'
tar: Ignoring unknown extended header keyword 'LIBARCHIVE.xattr.com.apple.provenance'
tar: Ignoring unknown extended header keyword 'LIBARCHIVE.xattr.com.apple.provenance'
tar: Ignoring unknown extended header keyword 'LIBARCHIVE.xattr.com.apple.provenance'
tar: Ignoring unknown extended header keyword 'LIBARCHIVE.xattr.com.apple.provenance'
tar: Ignoring unknown extended header keyword 'LIBARCHIVE.xattr.com.apple.provenance'
tar: Ignoring unknown extended header keyword 'LIBARCHIVE.xattr.com.apple.provenance'
tar: Ignoring unknown extended header keyword 'LIBARCHIVE.xattr.com.apple.provenance'
tar: Ignoring unknown extended header keyword 'LIBARCHIVE.xattr.com.apple.provenance'
tar: Ignoring unknown extended header keyword 'LIBARCHIVE.xattr.com.apple.provenance'
tar: Ignoring unknown extended header keyword 'LIBARCHIVE.xattr.com.apple.provenance'
tar: Ignoring unknown extended header keyword 'LIBARCHIVE.xattr.com.apple.provenance'
tar: Ignoring unknown extended header keyword 'LIBARCHIVE.xattr.com.apple.provenance'
tar: Ignoring unknown extended header keyword 'LIBARCHIVE.xattr.com.apple.provenance'
tar: Ignoring unknown extended header keyword 'LIBARCHIVE.xattr.com.apple.provenance'
tar: Ignoring unknown extended header keyword 'LIBARCHIVE.xattr.com.apple.provenance'
tar: Ignoring unknown extended header keyword 'LIBARCHIVE.xattr.com.apple.provenance'
tar: Ignoring unknown extended header keyword 'LIBARCHIVE.xattr.com.apple.provenance'
tar: Ignoring unknown extended header keyword 'LIBARCHIVE.xattr.com.apple.provenance'
tar: Ignoring unknown extended header keyword 'LIBARCHIVE.xattr.com.apple.provenance'
tar: Ignoring unknown extended header keyword 'LIBARCHIVE.xattr.com.apple.provenance'
tar: Ignoring unknown extended header keyword 'LIBARCHIVE.xattr.com.apple.provenance'
tar: Ignoring unknown extended header keyword 'LIBARCHIVE.xattr.com.apple.provenance'
tar: Ignoring unknown extended header keyword 'LIBARCHIVE.xattr.com.apple.provenance'
tar: Ignoring unknown extended header keyword 'LIBARCHIVE.xattr.com.apple.provenance'
tar: Ignoring unknown extended header keyword 'LIBARCHIVE.xattr.com.apple.provenance'
tar: Ignoring unknown extended header keyword 'LIBARCHIVE.xattr.com.apple.provenance'
tar: Ignoring unknown extended header keyword 'LIBARCHIVE.xattr.com.apple.provenance'
tar: Ignoring unknown extended header keyword 'LIBARCHIVE.xattr.com.apple.provenance'
tar: Ignoring unknown extended header keyword 'LIBARCHIVE.xattr.com.apple.provenance'
tar: Ignoring unknown extended header keyword 'LIBARCHIVE.xattr.com.apple.provenance'
tar: Ignoring unknown extended header keyword 'LIBARCHIVE.xattr.com.apple.provenance'
tar: Ignoring unknown extended header keyword 'LIBARCHIVE.xattr.com.apple.provenance'
tar: Ignoring unknown extended header keyword 'LIBARCHIVE.xattr.com.apple.provenance'
tar: Ignoring unknown extended header keyword 'LIBARCHIVE.xattr.com.apple.provenance'
tar: Ignoring unknown extended header keyword 'LIBARCHIVE.xattr.com.apple.provenance'
tar: Ignoring unknown extended header keyword 'LIBARCHIVE.xattr.com.apple.provenance'
tar: Ignoring unknown extended header keyword 'LIBARCHIVE.xattr.com.apple.provenance'
tar: Ignoring unknown extended header keyword 'LIBARCHIVE.xattr.com.apple.provenance'
tar: Ignoring unknown extended header keyword 'LIBARCHIVE.xattr.com.apple.provenance'
tar: Ignoring unknown extended header keyword 'LIBARCHIVE.xattr.com.apple.provenance'
tar: Ignoring unknown extended header keyword 'LIBARCHIVE.xattr.com.apple.provenance'
tar: Ignoring unknown extended header keyword 'LIBARCHIVE.xattr.com.apple.provenance'
tar: Ignoring unknown extended header keyword 'LIBARCHIVE.xattr.com.apple.provenance'
tar: Ignoring unknown extended header keyword 'LIBARCHIVE.xattr.com.apple.provenance'
tar: Ignoring unknown extended header keyword 'LIBARCHIVE.xattr.com.apple.provenance'
tar: Ignoring unknown extended header keyword 'LIBARCHIVE.xattr.com.apple.provenance'
tar: Ignoring unknown extended header keyword 'LIBARCHIVE.xattr.com.apple.provenance'
tar: Ignoring unknown extended header keyword 'LIBARCHIVE.xattr.com.apple.provenance'
tar: Ignoring unknown extended header keyword 'LIBARCHIVE.xattr.com.apple.provenance'
tar: Ignoring unknown extended header keyword 'LIBARCHIVE.xattr.com.apple.provenance'
tar: Ignoring unknown extended header keyword 'LIBARCHIVE.xattr.com.apple.provenance'
tar: Ignoring unknown extended header keyword 'LIBARCHIVE.xattr.com.apple.provenance'
tar: Ignoring unknown extended header keyword 'LIBARCHIVE.xattr.com.apple.provenance'
tar: Ignoring unknown extended header keyword 'LIBARCHIVE.xattr.com.apple.provenance'
tar: Ignoring unknown extended header keyword 'LIBARCHIVE.xattr.com.apple.provenance'
tar: Ignoring unknown extended header keyword 'LIBARCHIVE.xattr.com.apple.provenance'
tar: Ignoring unknown extended header keyword 'LIBARCHIVE.xattr.com.apple.provenance'
tar: Ignoring unknown extended header keyword 'LIBARCHIVE.xattr.com.apple.provenance'
tar: Ignoring unknown extended header keyword 'LIBARCHIVE.xattr.com.apple.provenance'
tar: Ignoring unknown extended header keyword 'LIBARCHIVE.xattr.com.apple.provenance'
tar: Ignoring unknown extended header keyword 'LIBARCHIVE.xattr.com.apple.provenance'
tar: Ignoring unknown extended header keyword 'LIBARCHIVE.xattr.com.apple.provenance'
tar: Ignoring unknown extended header keyword 'LIBARCHIVE.xattr.com.apple.provenance'
tar: Ignoring unknown extended header keyword 'LIBARCHIVE.xattr.com.apple.provenance'
tar: Ignoring unknown extended header keyword 'LIBARCHIVE.xattr.com.apple.provenance'
tar: Ignoring unknown extended header keyword 'LIBARCHIVE.xattr.com.apple.provenance'
tar: Ignoring unknown extended header keyword 'LIBARCHIVE.xattr.com.apple.provenance'
tar: Ignoring unknown extended header keyword 'LIBARCHIVE.xattr.com.apple.provenance'
tar: Ignoring unknown extended header keyword 'LIBARCHIVE.xattr.com.apple.provenance'
tar: Ignoring unknown extended header keyword 'LIBARCHIVE.xattr.com.apple.provenance'
tar: Ignoring unknown extended header keyword 'LIBARCHIVE.xattr.com.apple.provenance'
tar: Ignoring unknown extended header keyword 'LIBARCHIVE.xattr.com.apple.provenance'
tar: Ignoring unknown extended header keyword 'LIBARCHIVE.xattr.com.apple.provenance'
tar: Ignoring unknown extended header keyword 'LIBARCHIVE.xattr.com.apple.provenance'
tar: Ignoring unknown extended header keyword 'LIBARCHIVE.xattr.com.apple.provenance'
tar: Ignoring unknown extended header keyword 'LIBARCHIVE.xattr.com.apple.provenance'
tar: Ignoring unknown extended header keyword 'LIBARCHIVE.xattr.com.apple.provenance'
tar: Ignoring unknown extended header keyword 'LIBARCHIVE.xattr.com.apple.provenance'
tar: Ignoring unknown extended header keyword 'LIBARCHIVE.xattr.com.apple.provenance'
tar: Ignoring unknown extended header keyword 'LIBARCHIVE.xattr.com.apple.provenance'
tar: Ignoring unknown extended header keyword 'LIBARCHIVE.xattr.com.apple.provenance'
tar: Ignoring unknown extended header keyword 'LIBARCHIVE.xattr.com.apple.provenance'
tar: Ignoring unknown extended header keyword 'LIBARCHIVE.xattr.com.apple.provenance'
tar: Ignoring unknown extended header keyword 'LIBARCHIVE.xattr.com.apple.provenance'
tar: Ignoring unknown extended header keyword 'LIBARCHIVE.xattr.com.apple.provenance'
tar: Ignoring unknown extended header keyword 'LIBARCHIVE.xattr.com.apple.provenance'
tar: Ignoring unknown extended header keyword 'LIBARCHIVE.xattr.com.apple.provenance'
tar: Ignoring unknown extended header keyword 'LIBARCHIVE.xattr.com.apple.provenance'
tar: Ignoring unknown extended header keyword 'LIBARCHIVE.xattr.com.apple.provenance'
tar: Ignoring unknown extended header keyword 'LIBARCHIVE.xattr.com.apple.provenance'
tar: Ignoring unknown extended header keyword 'LIBARCHIVE.xattr.com.apple.provenance'
tar: Ignoring unknown extended header keyword 'LIBARCHIVE.xattr.com.apple.provenance'
tar: Ignoring unknown extended header keyword 'LIBARCHIVE.xattr.com.apple.provenance'
tar: Ignoring unknown extended header keyword 'LIBARCHIVE.xattr.com.apple.provenance'
tar: Ignoring unknown extended header keyword 'LIBARCHIVE.xattr.com.apple.provenance'
tar: Ignoring unknown extended header keyword 'LIBARCHIVE.xattr.com.apple.provenance'
tar: Ignoring unknown extended header keyword 'LIBARCHIVE.xattr.com.apple.provenance'
tar: Ignoring unknown extended header keyword 'LIBARCHIVE.xattr.com.apple.provenance'
tar: Ignoring unknown extended header keyword 'LIBARCHIVE.xattr.com.apple.provenance'
tar: Ignoring unknown extended header keyword 'LIBARCHIVE.xattr.com.apple.provenance'
tar: Ignoring unknown extended header keyword 'LIBARCHIVE.xattr.com.apple.provenance'
tar: Ignoring unknown extended header keyword 'LIBARCHIVE.xattr.com.apple.provenance'
tar: Ignoring unknown extended header keyword 'LIBARCHIVE.xattr.com.apple.provenance'
tar: Ignoring unknown extended header keyword 'LIBARCHIVE.xattr.com.apple.provenance'
tar: Ignoring unknown extended header keyword 'LIBARCHIVE.xattr.com.apple.provenance'
tar: Ignoring unknown extended header keyword 'LIBARCHIVE.xattr.com.apple.provenance'
tar: Ignoring unknown extended header keyword 'LIBARCHIVE.xattr.com.apple.provenance'
tar: Ignoring unknown extended header keyword 'LIBARCHIVE.xattr.com.apple.provenance'
tar: Ignoring unknown extended header keyword 'LIBARCHIVE.xattr.com.apple.provenance'
tar: Ignoring unknown extended header keyword 'LIBARCHIVE.xattr.com.apple.provenance'
tar: Ignoring unknown extended header keyword 'LIBARCHIVE.xattr.com.apple.provenance'
tar: Ignoring unknown extended header keyword 'LIBARCHIVE.xattr.com.apple.provenance'
tar: Ignoring unknown extended header keyword 'LIBARCHIVE.xattr.com.apple.provenance'
tar: Ignoring unknown extended header keyword 'LIBARCHIVE.xattr.com.apple.provenance'
tar: Ignoring unknown extended header keyword 'LIBARCHIVE.xattr.com.apple.provenance'
tar: Ignoring unknown extended header keyword 'LIBARCHIVE.xattr.com.apple.provenance'
tar: Ignoring unknown extended header keyword 'LIBARCHIVE.xattr.com.apple.provenance'
tar: Ignoring unknown extended header keyword 'LIBARCHIVE.xattr.com.apple.provenance'
tar: Ignoring unknown extended header keyword 'LIBARCHIVE.xattr.com.apple.provenance'
tar: Ignoring unknown extended header keyword 'LIBARCHIVE.xattr.com.apple.provenance'
tar: Ignoring unknown extended header keyword 'LIBARCHIVE.xattr.com.apple.provenance'
tar: Ignoring unknown extended header keyword 'LIBARCHIVE.xattr.com.apple.provenance'
tar: Ignoring unknown extended header keyword 'LIBARCHIVE.xattr.com.apple.provenance'
tar: Ignoring unknown extended header keyword 'LIBARCHIVE.xattr.com.apple.provenance'
tar: Ignoring unknown extended header keyword 'LIBARCHIVE.xattr.com.apple.provenance'
tar: Ignoring unknown extended header keyword 'LIBARCHIVE.xattr.com.apple.provenance'
tar: Ignoring unknown extended header keyword 'LIBARCHIVE.xattr.com.apple.provenance'
tar: Ignoring unknown extended header keyword 'LIBARCHIVE.xattr.com.apple.provenance'
tar: Ignoring unknown extended header keyword 'LIBARCHIVE.xattr.com.apple.provenance'
tar: Ignoring unknown extended header keyword 'LIBARCHIVE.xattr.com.apple.provenance'
tar: Ignoring unknown extended header keyword 'LIBARCHIVE.xattr.com.apple.provenance'
tar: Ignoring unknown extended header keyword 'LIBARCHIVE.xattr.com.apple.provenance'
tar: Ignoring unknown extended header keyword 'LIBARCHIVE.xattr.com.apple.provenance'
tar: Ignoring unknown extended header keyword 'LIBARCHIVE.xattr.com.apple.provenance'
tar: Ignoring unknown extended header keyword 'LIBARCHIVE.xattr.com.apple.provenance'
tar: Ignoring unknown extended header keyword 'LIBARCHIVE.xattr.com.apple.provenance'
tar: Ignoring unknown extended header keyword 'LIBARCHIVE.xattr.com.apple.provenance'
tar: Ignoring unknown extended header keyword 'LIBARCHIVE.xattr.com.apple.provenance'
tar: Ignoring unknown extended header keyword 'LIBARCHIVE.xattr.com.apple.provenance'
tar: Ignoring unknown extended header keyword 'LIBARCHIVE.xattr.com.apple.provenance'
tar: Ignoring unknown extended header keyword 'LIBARCHIVE.xattr.com.apple.provenance'
tar: Ignoring unknown extended header keyword 'LIBARCHIVE.xattr.com.apple.provenance'
tar: Ignoring unknown extended header keyword 'LIBARCHIVE.xattr.com.apple.provenance'
tar: Ignoring unknown extended header keyword 'LIBARCHIVE.xattr.com.apple.provenance'
tar: Ignoring unknown extended header keyword 'LIBARCHIVE.xattr.com.apple.provenance'
tar: Ignoring unknown extended header keyword 'LIBARCHIVE.xattr.com.apple.provenance'
tar: Ignoring unknown extended header keyword 'LIBARCHIVE.xattr.com.apple.provenance'
tar: Ignoring unknown extended header keyword 'LIBARCHIVE.xattr.com.apple.provenance'
tar: Ignoring unknown extended header keyword 'LIBARCHIVE.xattr.com.apple.provenance'
tar: Ignoring unknown extended header keyword 'LIBARCHIVE.xattr.com.apple.provenance'
tar: Ignoring unknown extended header keyword 'LIBARCHIVE.xattr.com.apple.provenance'
tar: Ignoring unknown extended header keyword 'LIBARCHIVE.xattr.com.apple.provenance'
tar: Ignoring unknown extended header keyword 'LIBARCHIVE.xattr.com.apple.provenance'
tar: Ignoring unknown extended header keyword 'LIBARCHIVE.xattr.com.apple.provenance'
tar: Ignoring unknown extended header keyword 'LIBARCHIVE.xattr.com.apple.provenance'
tar: Ignoring unknown extended header keyword 'LIBARCHIVE.xattr.com.apple.provenance'
tar: Ignoring unknown extended header keyword 'LIBARCHIVE.xattr.com.apple.provenance'
tar: Ignoring unknown extended header keyword 'LIBARCHIVE.xattr.com.apple.provenance'
tar: Ignoring unknown extended header keyword 'LIBARCHIVE.xattr.com.apple.provenance'
tar: Ignoring unknown extended header keyword 'LIBARCHIVE.xattr.com.apple.provenance'
tar: Ignoring unknown extended header keyword 'LIBARCHIVE.xattr.com.apple.provenance'
tar: Ignoring unknown extended header keyword 'LIBARCHIVE.xattr.com.apple.provenance'
tar: Ignoring unknown extended header keyword 'LIBARCHIVE.xattr.com.apple.provenance'
tar: Ignoring unknown extended header keyword 'LIBARCHIVE.xattr.com.apple.provenance'
tar: Ignoring unknown extended header keyword 'LIBARCHIVE.xattr.com.apple.provenance'
tar: Ignoring unknown extended header keyword 'LIBARCHIVE.xattr.com.apple.provenance'
tar: Ignoring unknown extended header keyword 'LIBARCHIVE.xattr.com.apple.provenance'
tar: Ignoring unknown extended header keyword 'LIBARCHIVE.xattr.com.apple.provenance'
tar: Ignoring unknown extended header keyword 'LIBARCHIVE.xattr.com.apple.provenance'
tar: Ignoring unknown extended header keyword 'LIBARCHIVE.xattr.com.apple.provenance'
tar: Ignoring unknown extended header keyword 'LIBARCHIVE.xattr.com.apple.provenance'
tar: Ignoring unknown extended header keyword 'LIBARCHIVE.xattr.com.apple.provenance'
tar: Ignoring unknown extended header keyword 'LIBARCHIVE.xattr.com.apple.provenance'
tar: Ignoring unknown extended header keyword 'LIBARCHIVE.xattr.com.apple.provenance'
tar: Ignoring unknown extended header keyword 'LIBARCHIVE.xattr.com.apple.provenance'
tar: Ignoring unknown extended header keyword 'LIBARCHIVE.xattr.com.apple.provenance'
tar: Ignoring unknown extended header keyword 'LIBARCHIVE.xattr.com.apple.provenance'
tar: Ignoring unknown extended header keyword 'LIBARCHIVE.xattr.com.apple.provenance'
tar: Ignoring unknown extended header keyword 'LIBARCHIVE.xattr.com.apple.provenance'
tar: Ignoring unknown extended header keyword 'LIBARCHIVE.xattr.com.apple.provenance'
tar: Ignoring unknown extended header keyword 'LIBARCHIVE.xattr.com.apple.provenance'
tar: Ignoring unknown extended header keyword 'LIBARCHIVE.xattr.com.apple.provenance'
tar: Ignoring unknown extended header keyword 'LIBARCHIVE.xattr.com.apple.provenance'
tar: Ignoring unknown extended header keyword 'LIBARCHIVE.xattr.com.apple.provenance'
tar: Ignoring unknown extended header keyword 'LIBARCHIVE.xattr.com.apple.provenance'
tar: Ignoring unknown extended header keyword 'LIBARCHIVE.xattr.com.apple.provenance'
tar: Ignoring unknown extended header keyword 'LIBARCHIVE.xattr.com.apple.provenance'
tar: Ignoring unknown extended header keyword 'LIBARCHIVE.xattr.com.apple.provenance'
tar: Ignoring unknown extended header keyword 'LIBARCHIVE.xattr.com.apple.provenance'
tar: Ignoring unknown extended header keyword 'LIBARCHIVE.xattr.com.apple.provenance'
tar: Ignoring unknown extended header keyword 'LIBARCHIVE.xattr.com.apple.provenance'
tar: Ignoring unknown extended header keyword 'LIBARCHIVE.xattr.com.apple.provenance'
tar: Ignoring unknown extended header keyword 'LIBARCHIVE.xattr.com.apple.provenance'
tar: Ignoring unknown extended header keyword 'LIBARCHIVE.xattr.com.apple.provenance'
tar: Ignoring unknown extended header keyword 'LIBARCHIVE.xattr.com.apple.provenance'
tar: Ignoring unknown extended header keyword 'LIBARCHIVE.xattr.com.apple.provenance'
tar: Ignoring unknown extended header keyword 'LIBARCHIVE.xattr.com.apple.provenance'
tar: Ignoring unknown extended header keyword 'LIBARCHIVE.xattr.com.apple.provenance'
tar: Ignoring unknown extended header keyword 'LIBARCHIVE.xattr.com.apple.provenance'
tar: Ignoring unknown extended header keyword 'LIBARCHIVE.xattr.com.apple.provenance'
tar: Ignoring unknown extended header keyword 'LIBARCHIVE.xattr.com.apple.provenance'
tar: Ignoring unknown extended header keyword 'LIBARCHIVE.xattr.com.apple.provenance'
tar: Ignoring unknown extended header keyword 'LIBARCHIVE.xattr.com.apple.provenance'
tar: Ignoring unknown extended header keyword 'LIBARCHIVE.xattr.com.apple.provenance'
tar: Ignoring unknown extended header keyword 'LIBARCHIVE.xattr.com.apple.provenance'
tar: Ignoring unknown extended header keyword 'LIBARCHIVE.xattr.com.apple.provenance'
tar: Ignoring unknown extended header keyword 'LIBARCHIVE.xattr.com.apple.provenance'
tar: Ignoring unknown extended header keyword 'LIBARCHIVE.xattr.com.apple.provenance'
tar: Ignoring unknown extended header keyword 'LIBARCHIVE.xattr.com.apple.provenance'
tar: Ignoring unknown extended header keyword 'LIBARCHIVE.xattr.com.apple.provenance'
tar: Ignoring unknown extended header keyword 'LIBARCHIVE.xattr.com.apple.provenance'
tar: Ignoring unknown extended header keyword 'LIBARCHIVE.xattr.com.apple.provenance'
tar: Ignoring unknown extended header keyword 'LIBARCHIVE.xattr.com.apple.provenance'
tar: Ignoring unknown extended header keyword 'LIBARCHIVE.xattr.com.apple.provenance'
tar: Ignoring unknown extended header keyword 'LIBARCHIVE.xattr.com.apple.provenance'
tar: Ignoring unknown extended header keyword 'LIBARCHIVE.xattr.com.apple.provenance'
tar: Ignoring unknown extended header keyword 'LIBARCHIVE.xattr.com.apple.provenance'
tar: Ignoring unknown extended header keyword 'LIBARCHIVE.xattr.com.apple.provenance'
tar: Ignoring unknown extended header keyword 'LIBARCHIVE.xattr.com.apple.provenance'
tar: Ignoring unknown extended header keyword 'LIBARCHIVE.xattr.com.apple.provenance'
tar: Ignoring unknown extended header keyword 'LIBARCHIVE.xattr.com.apple.provenance'
tar: Ignoring unknown extended header keyword 'LIBARCHIVE.xattr.com.apple.provenance'
tar: Ignoring unknown extended header keyword 'LIBARCHIVE.xattr.com.apple.provenance'
tar: Ignoring unknown extended header keyword 'LIBARCHIVE.xattr.com.apple.provenance'
tar: Ignoring unknown extended header keyword 'LIBARCHIVE.xattr.com.apple.provenance'
tar: Ignoring unknown extended header keyword 'LIBARCHIVE.xattr.com.apple.provenance'
tar: Ignoring unknown extended header keyword 'LIBARCHIVE.xattr.com.apple.provenance'
tar: Ignoring unknown extended header keyword 'LIBARCHIVE.xattr.com.apple.provenance'
tar: Ignoring unknown extended header keyword 'LIBARCHIVE.xattr.com.apple.provenance'
tar: Ignoring unknown extended header keyword 'LIBARCHIVE.xattr.com.apple.provenance'
tar: Ignoring unknown extended header keyword 'LIBARCHIVE.xattr.com.apple.provenance'
tar: Ignoring unknown extended header keyword 'LIBARCHIVE.xattr.com.apple.provenance'
tar: Ignoring unknown extended header keyword 'LIBARCHIVE.xattr.com.apple.provenance'
tar: Ignoring unknown extended header keyword 'LIBARCHIVE.xattr.com.apple.provenance'
tar: Ignoring unknown extended header keyword 'LIBARCHIVE.xattr.com.apple.provenance'
tar: Ignoring unknown extended header keyword 'LIBARCHIVE.xattr.com.apple.provenance'
tar: Ignoring unknown extended header keyword 'LIBARCHIVE.xattr.com.apple.provenance'
tar: Ignoring unknown extended header keyword 'LIBARCHIVE.xattr.com.apple.provenance'
tar: Ignoring unknown extended header keyword 'LIBARCHIVE.xattr.com.apple.provenance'
tar: Ignoring unknown extended header keyword 'LIBARCHIVE.xattr.com.apple.provenance'
tar: Ignoring unknown extended header keyword 'LIBARCHIVE.xattr.com.apple.provenance'
tar: Ignoring unknown extended header keyword 'LIBARCHIVE.xattr.com.apple.provenance'
tar: Ignoring unknown extended header keyword 'LIBARCHIVE.xattr.com.apple.provenance'
tar: Ignoring unknown extended header keyword 'LIBARCHIVE.xattr.com.apple.provenance'
tar: Ignoring unknown extended header keyword 'LIBARCHIVE.xattr.com.apple.provenance'
tar: Ignoring unknown extended header keyword 'LIBARCHIVE.xattr.com.apple.provenance'
tar: Ignoring unknown extended header keyword 'LIBARCHIVE.xattr.com.apple.provenance'
tar: Ignoring unknown extended header keyword 'LIBARCHIVE.xattr.com.apple.provenance'
tar: Ignoring unknown extended header keyword 'LIBARCHIVE.xattr.com.apple.provenance'
tar: Ignoring unknown extended header keyword 'LIBARCHIVE.xattr.com.apple.provenance'
tar: Ignoring unknown extended header keyword 'LIBARCHIVE.xattr.com.apple.provenance'
tar: Ignoring unknown extended header keyword 'LIBARCHIVE.xattr.com.apple.provenance'
tar: Ignoring unknown extended header keyword 'LIBARCHIVE.xattr.com.apple.provenance'
tar: Ignoring unknown extended header keyword 'LIBARCHIVE.xattr.com.apple.provenance'
tar: Ignoring unknown extended header keyword 'LIBARCHIVE.xattr.com.apple.provenance'
tar: Ignoring unknown extended header keyword 'LIBARCHIVE.xattr.com.apple.provenance'
tar: Ignoring unknown extended header keyword 'LIBARCHIVE.xattr.com.apple.provenance'
tar: Ignoring unknown extended header keyword 'LIBARCHIVE.xattr.com.apple.provenance'
tar: Ignoring unknown extended header keyword 'LIBARCHIVE.xattr.com.apple.provenance'
tar: Ignoring unknown extended header keyword 'LIBARCHIVE.xattr.com.apple.provenance'
tar: Ignoring unknown extended header keyword 'LIBARCHIVE.xattr.com.apple.provenance'
tar: Ignoring unknown extended header keyword 'LIBARCHIVE.xattr.com.apple.provenance'
tar: Ignoring unknown extended header keyword 'LIBARCHIVE.xattr.com.apple.provenance'
tar: Ignoring unknown extended header keyword 'LIBARCHIVE.xattr.com.apple.provenance'
tar: Ignoring unknown extended header keyword 'LIBARCHIVE.xattr.com.apple.provenance'
tar: Ignoring unknown extended header keyword 'LIBARCHIVE.xattr.com.apple.provenance'
tar: Ignoring unknown extended header keyword 'LIBARCHIVE.xattr.com.apple.provenance'
tar: Ignoring unknown extended header keyword 'LIBARCHIVE.xattr.com.apple.provenance'
tar: Ignoring unknown extended header keyword 'LIBARCHIVE.xattr.com.apple.provenance'
tar: Ignoring unknown extended header keyword 'LIBARCHIVE.xattr.com.apple.provenance'
tar: Ignoring unknown extended header keyword 'LIBARCHIVE.xattr.com.apple.provenance'
tar: Ignoring unknown extended header keyword 'LIBARCHIVE.xattr.com.apple.provenance'
tar: Ignoring unknown extended header keyword 'LIBARCHIVE.xattr.com.apple.provenance'
tar: Ignoring unknown extended header keyword 'LIBARCHIVE.xattr.com.apple.provenance'
tar: Ignoring unknown extended header keyword 'LIBARCHIVE.xattr.com.apple.provenance'
tar: Ignoring unknown extended header keyword 'LIBARCHIVE.xattr.com.apple.provenance'
tar: Ignoring unknown extended header keyword 'LIBARCHIVE.xattr.com.apple.provenance'
tar: Ignoring unknown extended header keyword 'LIBARCHIVE.xattr.com.apple.provenance'
tar: Ignoring unknown extended header keyword 'LIBARCHIVE.xattr.com.apple.provenance'
tar: Ignoring unknown extended header keyword 'LIBARCHIVE.xattr.com.apple.provenance'
tar: Ignoring unknown extended header keyword 'LIBARCHIVE.xattr.com.apple.provenance'
tar: Ignoring unknown extended header keyword 'LIBARCHIVE.xattr.com.apple.provenance'
tar: Ignoring unknown extended header keyword 'LIBARCHIVE.xattr.com.apple.provenance'
tar: Ignoring unknown extended header keyword 'LIBARCHIVE.xattr.com.apple.provenance'
tar: Ignoring unknown extended header keyword 'LIBARCHIVE.xattr.com.apple.provenance'
tar: Ignoring unknown extended header keyword 'LIBARCHIVE.xattr.com.apple.provenance'
tar: Ignoring unknown extended header keyword 'LIBARCHIVE.xattr.com.apple.provenance'
tar: Ignoring unknown extended header keyword 'LIBARCHIVE.xattr.com.apple.provenance'
tar: Ignoring unknown extended header keyword 'LIBARCHIVE.xattr.com.apple.provenance'
tar: Ignoring unknown extended header keyword 'LIBARCHIVE.xattr.com.apple.provenance'
tar: Ignoring unknown extended header keyword 'LIBARCHIVE.xattr.com.apple.provenance'
tar: Ignoring unknown extended header keyword 'LIBARCHIVE.xattr.com.apple.provenance'
tar: Ignoring unknown extended header keyword 'LIBARCHIVE.xattr.com.apple.provenance'
tar: Ignoring unknown extended header keyword 'LIBARCHIVE.xattr.com.apple.provenance'
tar: Ignoring unknown extended header keyword 'LIBARCHIVE.xattr.com.apple.provenance'
tar: Ignoring unknown extended header keyword 'LIBARCHIVE.xattr.com.apple.provenance'
tar: Ignoring unknown extended header keyword 'LIBARCHIVE.xattr.com.apple.provenance'
tar: Ignoring unknown extended header keyword 'LIBARCHIVE.xattr.com.apple.provenance'
tar: Ignoring unknown extended header keyword 'LIBARCHIVE.xattr.com.apple.provenance'
tar: Ignoring unknown extended header keyword 'LIBARCHIVE.xattr.com.apple.provenance'
tar: Ignoring unknown extended header keyword 'LIBARCHIVE.xattr.com.apple.provenance'
tar: Ignoring unknown extended header keyword 'LIBARCHIVE.xattr.com.apple.provenance'
tar: Ignoring unknown extended header keyword 'LIBARCHIVE.xattr.com.apple.provenance'
tar: Ignoring unknown extended header keyword 'LIBARCHIVE.xattr.com.apple.provenance'
tar: Ignoring unknown extended header keyword 'LIBARCHIVE.xattr.com.apple.provenance'
tar: Ignoring unknown extended header keyword 'LIBARCHIVE.xattr.com.apple.provenance'
tar: Ignoring unknown extended header keyword 'LIBARCHIVE.xattr.com.apple.provenance'
tar: Ignoring unknown extended header keyword 'LIBARCHIVE.xattr.com.apple.provenance'
tar: Ignoring unknown extended header keyword 'LIBARCHIVE.xattr.com.apple.provenance'
tar: Ignoring unknown extended header keyword 'LIBARCHIVE.xattr.com.apple.provenance'
tar: Ignoring unknown extended header keyword 'LIBARCHIVE.xattr.com.apple.provenance'
tar: Ignoring unknown extended header keyword 'LIBARCHIVE.xattr.com.apple.provenance'
tar: Ignoring unknown extended header keyword 'LIBARCHIVE.xattr.com.apple.provenance'
tar: Ignoring unknown extended header keyword 'LIBARCHIVE.xattr.com.apple.provenance'
tar: Ignoring unknown extended header keyword 'LIBARCHIVE.xattr.com.apple.provenance'
tar: Ignoring unknown extended header keyword 'LIBARCHIVE.xattr.com.apple.provenance'
tar: Ignoring unknown extended header keyword 'LIBARCHIVE.xattr.com.apple.provenance'
tar: Ignoring unknown extended header keyword 'LIBARCHIVE.xattr.com.apple.provenance'
tar: Ignoring unknown extended header keyword 'LIBARCHIVE.xattr.com.apple.provenance'
tar: Ignoring unknown extended header keyword 'LIBARCHIVE.xattr.com.apple.provenance'
tar: Ignoring unknown extended header keyword 'LIBARCHIVE.xattr.com.apple.provenance'
tar: Ignoring unknown extended header keyword 'LIBARCHIVE.xattr.com.apple.provenance'
tar: Ignoring unknown extended header keyword 'LIBARCHIVE.xattr.com.apple.provenance'
tar: Ignoring unknown extended header keyword 'LIBARCHIVE.xattr.com.apple.provenance'
tar: Ignoring unknown extended header keyword 'LIBARCHIVE.xattr.com.apple.provenance'
tar: Ignoring unknown extended header keyword 'LIBARCHIVE.xattr.com.apple.provenance'
tar: Ignoring unknown extended header keyword 'LIBARCHIVE.xattr.com.apple.provenance'
tar: Ignoring unknown extended header keyword 'LIBARCHIVE.xattr.com.apple.provenance'
tar: Ignoring unknown extended header keyword 'LIBARCHIVE.xattr.com.apple.provenance'
tar: Ignoring unknown extended header keyword 'LIBARCHIVE.xattr.com.apple.provenance'
tar: Ignoring unknown extended header keyword 'LIBARCHIVE.xattr.com.apple.provenance'
tar: Ignoring unknown extended header keyword 'LIBARCHIVE.xattr.com.apple.provenance'
tar: Ignoring unknown extended header keyword 'LIBARCHIVE.xattr.com.apple.provenance'
tar: Ignoring unknown extended header keyword 'LIBARCHIVE.xattr.com.apple.provenance'
tar: Ignoring unknown extended header keyword 'LIBARCHIVE.xattr.com.apple.provenance'
tar: Ignoring unknown extended header keyword 'LIBARCHIVE.xattr.com.apple.provenance'
tar: Ignoring unknown extended header keyword 'LIBARCHIVE.xattr.com.apple.provenance'
tar: Ignoring unknown extended header keyword 'LIBARCHIVE.xattr.com.apple.provenance'
tar: Ignoring unknown extended header keyword 'LIBARCHIVE.xattr.com.apple.provenance'
tar: Ignoring unknown extended header keyword 'LIBARCHIVE.xattr.com.apple.provenance'
tar: Ignoring unknown extended header keyword 'LIBARCHIVE.xattr.com.apple.provenance'
tar: Ignoring unknown extended header keyword 'LIBARCHIVE.xattr.com.apple.provenance'
tar: Ignoring unknown extended header keyword 'LIBARCHIVE.xattr.com.apple.provenance'
tar: Ignoring unknown extended header keyword 'LIBARCHIVE.xattr.com.apple.provenance'
tar: Ignoring unknown extended header keyword 'LIBARCHIVE.xattr.com.apple.provenance'
tar: Ignoring unknown extended header keyword 'LIBARCHIVE.xattr.com.apple.provenance'
tar: Ignoring unknown extended header keyword 'LIBARCHIVE.xattr.com.apple.provenance'
tar: Ignoring unknown extended header keyword 'LIBARCHIVE.xattr.com.apple.provenance'
tar: Ignoring unknown extended header keyword 'LIBARCHIVE.xattr.com.apple.provenance'
tar: Ignoring unknown extended header keyword 'LIBARCHIVE.xattr.com.apple.provenance'
tar: Ignoring unknown extended header keyword 'LIBARCHIVE.xattr.com.apple.provenance'
tar: Ignoring unknown extended header keyword 'LIBARCHIVE.xattr.com.apple.provenance'
tar: Ignoring unknown extended header keyword 'LIBARCHIVE.xattr.com.apple.provenance'
tar: Ignoring unknown extended header keyword 'LIBARCHIVE.xattr.com.apple.provenance'
tar: Ignoring unknown extended header keyword 'LIBARCHIVE.xattr.com.apple.provenance'
tar: Ignoring unknown extended header keyword 'LIBARCHIVE.xattr.com.apple.provenance'
tar: Ignoring unknown extended header keyword 'LIBARCHIVE.xattr.com.apple.provenance'
tar: Ignoring unknown extended header keyword 'LIBARCHIVE.xattr.com.apple.provenance'
tar: Ignoring unknown extended header keyword 'LIBARCHIVE.xattr.com.apple.provenance'
tar: Ignoring unknown extended header keyword 'LIBARCHIVE.xattr.com.apple.provenance'
tar: Ignoring unknown extended header keyword 'LIBARCHIVE.xattr.com.apple.provenance'
tar: Ignoring unknown extended header keyword 'LIBARCHIVE.xattr.com.apple.provenance'
tar: Ignoring unknown extended header keyword 'LIBARCHIVE.xattr.com.apple.provenance'
tar: Ignoring unknown extended header keyword 'LIBARCHIVE.xattr.com.apple.provenance'
tar: Ignoring unknown extended header keyword 'LIBARCHIVE.xattr.com.apple.provenance'
tar: Ignoring unknown extended header keyword 'LIBARCHIVE.xattr.com.apple.provenance'
tar: Ignoring unknown extended header keyword 'LIBARCHIVE.xattr.com.apple.provenance'
tar: Ignoring unknown extended header keyword 'LIBARCHIVE.xattr.com.apple.provenance'
tar: Ignoring unknown extended header keyword 'LIBARCHIVE.xattr.com.apple.provenance'
tar: Ignoring unknown extended header keyword 'LIBARCHIVE.xattr.com.apple.provenance'
tar: Ignoring unknown extended header keyword 'LIBARCHIVE.xattr.com.apple.provenance'
tar: Ignoring unknown extended header keyword 'LIBARCHIVE.xattr.com.apple.provenance'
tar: Ignoring unknown extended header keyword 'LIBARCHIVE.xattr.com.apple.provenance'
tar: Ignoring unknown extended header keyword 'LIBARCHIVE.xattr.com.apple.provenance'
tar: Ignoring unknown extended header keyword 'LIBARCHIVE.xattr.com.apple.provenance'
tar: Ignoring unknown extended header keyword 'LIBARCHIVE.xattr.com.apple.provenance'
tar: Ignoring unknown extended header keyword 'LIBARCHIVE.xattr.com.apple.provenance'
tar: Ignoring unknown extended header keyword 'LIBARCHIVE.xattr.com.apple.provenance'
tar: Ignoring unknown extended header keyword 'LIBARCHIVE.xattr.com.apple.provenance'
tar: Ignoring unknown extended header keyword 'LIBARCHIVE.xattr.com.apple.provenance'
tar: Ignoring unknown extended header keyword 'LIBARCHIVE.xattr.com.apple.provenance'
tar: Ignoring unknown extended header keyword 'LIBARCHIVE.xattr.com.apple.provenance'
tar: Ignoring unknown extended header keyword 'LIBARCHIVE.xattr.com.apple.provenance'
tar: Ignoring unknown extended header keyword 'LIBARCHIVE.xattr.com.apple.provenance'
tar: Ignoring unknown extended header keyword 'LIBARCHIVE.xattr.com.apple.provenance'
tar: Ignoring unknown extended header keyword 'LIBARCHIVE.xattr.com.apple.provenance'
tar: Ignoring unknown extended header keyword 'LIBARCHIVE.xattr.com.apple.provenance'
tar: Ignoring unknown extended header keyword 'LIBARCHIVE.xattr.com.apple.provenance'
tar: Ignoring unknown extended header keyword 'LIBARCHIVE.xattr.com.apple.provenance'
tar: Ignoring unknown extended header keyword 'LIBARCHIVE.xattr.com.apple.provenance'
tar: Ignoring unknown extended header keyword 'LIBARCHIVE.xattr.com.apple.provenance'
tar: Ignoring unknown extended header keyword 'LIBARCHIVE.xattr.com.apple.provenance'
tar: Ignoring unknown extended header keyword 'LIBARCHIVE.xattr.com.apple.provenance'
tar: Ignoring unknown extended header keyword 'LIBARCHIVE.xattr.com.apple.provenance'
tar: Ignoring unknown extended header keyword 'LIBARCHIVE.xattr.com.apple.provenance'
tar: Ignoring unknown extended header keyword 'LIBARCHIVE.xattr.com.apple.provenance'
tar: Ignoring unknown extended header keyword 'LIBARCHIVE.xattr.com.apple.provenance'
tar: Ignoring unknown extended header keyword 'LIBARCHIVE.xattr.com.apple.provenance'
tar: Ignoring unknown extended header keyword 'LIBARCHIVE.xattr.com.apple.provenance'
tar: Ignoring unknown extended header keyword 'LIBARCHIVE.xattr.com.apple.provenance'
tar: Ignoring unknown extended header keyword 'LIBARCHIVE.xattr.com.apple.provenance'
tar: Ignoring unknown extended header keyword 'LIBARCHIVE.xattr.com.apple.provenance'
tar: Ignoring unknown extended header keyword 'LIBARCHIVE.xattr.com.apple.provenance'
tar: Ignoring unknown extended header keyword 'LIBARCHIVE.xattr.com.apple.provenance'
tar: Ignoring unknown extended header keyword 'LIBARCHIVE.xattr.com.apple.provenance'
tar: Ignoring unknown extended header keyword 'LIBARCHIVE.xattr.com.apple.provenance'
tar: Ignoring unknown extended header keyword 'LIBARCHIVE.xattr.com.apple.provenance'
tar: Ignoring unknown extended header keyword 'LIBARCHIVE.xattr.com.apple.provenance'
tar: Ignoring unknown extended header keyword 'LIBARCHIVE.xattr.com.apple.provenance'
tar: Ignoring unknown extended header keyword 'LIBARCHIVE.xattr.com.apple.provenance'
tar: Ignoring unknown extended header keyword 'LIBARCHIVE.xattr.com.apple.provenance'
tar: Ignoring unknown extended header keyword 'LIBARCHIVE.xattr.com.apple.provenance'
tar: Ignoring unknown extended header keyword 'LIBARCHIVE.xattr.com.apple.provenance'
tar: Ignoring unknown extended header keyword 'LIBARCHIVE.xattr.com.apple.provenance'
tar: Ignoring unknown extended header keyword 'LIBARCHIVE.xattr.com.apple.provenance'
tar: Ignoring unknown extended header keyword 'LIBARCHIVE.xattr.com.apple.provenance'
tar: Ignoring unknown extended header keyword 'LIBARCHIVE.xattr.com.apple.provenance'
tar: Ignoring unknown extended header keyword 'LIBARCHIVE.xattr.com.apple.provenance'
tar: Ignoring unknown extended header keyword 'LIBARCHIVE.xattr.com.apple.provenance'
tar: Ignoring unknown extended header keyword 'LIBARCHIVE.xattr.com.apple.provenance'
tar: Ignoring unknown extended header keyword 'LIBARCHIVE.xattr.com.apple.provenance'
tar: Ignoring unknown extended header keyword 'LIBARCHIVE.xattr.com.apple.provenance'
tar: Ignoring unknown extended header keyword 'LIBARCHIVE.xattr.com.apple.provenance'
tar: Ignoring unknown extended header keyword 'LIBARCHIVE.xattr.com.apple.provenance'
tar: Ignoring unknown extended header keyword 'LIBARCHIVE.xattr.com.apple.provenance'
tar: Ignoring unknown extended header keyword 'LIBARCHIVE.xattr.com.apple.provenance'
tar: Ignoring unknown extended header keyword 'LIBARCHIVE.xattr.com.apple.provenance'
tar: Ignoring unknown extended header keyword 'LIBARCHIVE.xattr.com.apple.provenance'
tar: Ignoring unknown extended header keyword 'LIBARCHIVE.xattr.com.apple.provenance'
tar: Ignoring unknown extended header keyword 'LIBARCHIVE.xattr.com.apple.provenance'
tar: Ignoring unknown extended header keyword 'LIBARCHIVE.xattr.com.apple.provenance'
tar: Ignoring unknown extended header keyword 'LIBARCHIVE.xattr.com.apple.provenance'
tar: Ignoring unknown extended header keyword 'LIBARCHIVE.xattr.com.apple.provenance'
tar: Ignoring unknown extended header keyword 'LIBARCHIVE.xattr.com.apple.provenance'
tar: Ignoring unknown extended header keyword 'LIBARCHIVE.xattr.com.apple.provenance'
tar: Ignoring unknown extended header keyword 'LIBARCHIVE.xattr.com.apple.provenance'
tar: Ignoring unknown extended header keyword 'LIBARCHIVE.xattr.com.apple.provenance'
tar: Ignoring unknown extended header keyword 'LIBARCHIVE.xattr.com.apple.provenance'
tar: Ignoring unknown extended header keyword 'LIBARCHIVE.xattr.com.apple.provenance'
tar: Ignoring unknown extended header keyword 'LIBARCHIVE.xattr.com.apple.provenance'
tar: Ignoring unknown extended header keyword 'LIBARCHIVE.xattr.com.apple.provenance'
tar: Ignoring unknown extended header keyword 'LIBARCHIVE.xattr.com.apple.provenance'
tar: Ignoring unknown extended header keyword 'LIBARCHIVE.xattr.com.apple.provenance'
tar: Ignoring unknown extended header keyword 'LIBARCHIVE.xattr.com.apple.provenance'
tar: Ignoring unknown extended header keyword 'LIBARCHIVE.xattr.com.apple.provenance'
tar: Ignoring unknown extended header keyword 'LIBARCHIVE.xattr.com.apple.provenance'
tar: Ignoring unknown extended header keyword 'LIBARCHIVE.xattr.com.apple.provenance'
tar: Ignoring unknown extended header keyword 'LIBARCHIVE.xattr.com.apple.provenance'
tar: Ignoring unknown extended header keyword 'LIBARCHIVE.xattr.com.apple.provenance'
tar: Ignoring unknown extended header keyword 'LIBARCHIVE.xattr.com.apple.provenance'
tar: Ignoring unknown extended header keyword 'LIBARCHIVE.xattr.com.apple.provenance'
tar: Ignoring unknown extended header keyword 'LIBARCHIVE.xattr.com.apple.provenance'
tar: Ignoring unknown extended header keyword 'LIBARCHIVE.xattr.com.apple.provenance'
tar: Ignoring unknown extended header keyword 'LIBARCHIVE.xattr.com.apple.provenance'
tar: Ignoring unknown extended header keyword 'LIBARCHIVE.xattr.com.apple.provenance'
tar: Ignoring unknown extended header keyword 'LIBARCHIVE.xattr.com.apple.provenance'
tar: Ignoring unknown extended header keyword 'LIBARCHIVE.xattr.com.apple.provenance'
tar: Ignoring unknown extended header keyword 'LIBARCHIVE.xattr.com.apple.provenance'
tar: Ignoring unknown extended header keyword 'LIBARCHIVE.xattr.com.apple.provenance'
tar: Ignoring unknown extended header keyword 'LIBARCHIVE.xattr.com.apple.provenance'
tar: Ignoring unknown extended header keyword 'LIBARCHIVE.xattr.com.apple.provenance'
tar: Ignoring unknown extended header keyword 'LIBARCHIVE.xattr.com.apple.provenance'
tar: Ignoring unknown extended header keyword 'LIBARCHIVE.xattr.com.apple.provenance'
tar: Ignoring unknown extended header keyword 'LIBARCHIVE.xattr.com.apple.provenance'
tar: Ignoring unknown extended header keyword 'LIBARCHIVE.xattr.com.apple.provenance'
tar: Ignoring unknown extended header keyword 'LIBARCHIVE.xattr.com.apple.provenance'
tar: Ignoring unknown extended header keyword 'LIBARCHIVE.xattr.com.apple.provenance'
tar: Ignoring unknown extended header keyword 'LIBARCHIVE.xattr.com.apple.provenance'
tar: Ignoring unknown extended header keyword 'LIBARCHIVE.xattr.com.apple.provenance'
tar: Ignoring unknown extended header keyword 'LIBARCHIVE.xattr.com.apple.provenance'
tar: Ignoring unknown extended header keyword 'LIBARCHIVE.xattr.com.apple.provenance'
tar: Ignoring unknown extended header keyword 'LIBARCHIVE.xattr.com.apple.provenance'
tar: Ignoring unknown extended header keyword 'LIBARCHIVE.xattr.com.apple.provenance'
tar: Ignoring unknown extended header keyword 'LIBARCHIVE.xattr.com.apple.provenance'
tar: Ignoring unknown extended header keyword 'LIBARCHIVE.xattr.com.apple.provenance'
tar: Ignoring unknown extended header keyword 'LIBARCHIVE.xattr.com.apple.provenance'
tar: Ignoring unknown extended header keyword 'LIBARCHIVE.xattr.com.apple.provenance'
tar: Ignoring unknown extended header keyword 'LIBARCHIVE.xattr.com.apple.provenance'
tar: Ignoring unknown extended header keyword 'LIBARCHIVE.xattr.com.apple.provenance'
tar: Ignoring unknown extended header keyword 'LIBARCHIVE.xattr.com.apple.provenance'
tar: Ignoring unknown extended header keyword 'LIBARCHIVE.xattr.com.apple.provenance'
tar: Ignoring unknown extended header keyword 'LIBARCHIVE.xattr.com.apple.provenance'
tar: Ignoring unknown extended header keyword 'LIBARCHIVE.xattr.com.apple.provenance'
tar: Ignoring unknown extended header keyword 'LIBARCHIVE.xattr.com.apple.provenance'
tar: Ignoring unknown extended header keyword 'LIBARCHIVE.xattr.com.apple.provenance'
tar: Ignoring unknown extended header keyword 'LIBARCHIVE.xattr.com.apple.provenance'
tar: Ignoring unknown extended header keyword 'LIBARCHIVE.xattr.com.apple.provenance'
tar: Ignoring unknown extended header keyword 'LIBARCHIVE.xattr.com.apple.provenance'
tar: Ignoring unknown extended header keyword 'LIBARCHIVE.xattr.com.apple.provenance'
tar: Ignoring unknown extended header keyword 'LIBARCHIVE.xattr.com.apple.provenance'
tar: Ignoring unknown extended header keyword 'LIBARCHIVE.xattr.com.apple.provenance'
tar: Ignoring unknown extended header keyword 'LIBARCHIVE.xattr.com.apple.provenance'
tar: Ignoring unknown extended header keyword 'LIBARCHIVE.xattr.com.apple.provenance'
tar: Ignoring unknown extended header keyword 'LIBARCHIVE.xattr.com.apple.provenance'
tar: Ignoring unknown extended header keyword 'LIBARCHIVE.xattr.com.apple.provenance'
tar: Ignoring unknown extended header keyword 'LIBARCHIVE.xattr.com.apple.provenance'
tar: Ignoring unknown extended header keyword 'LIBARCHIVE.xattr.com.apple.provenance'
tar: Ignoring unknown extended header keyword 'LIBARCHIVE.xattr.com.apple.provenance'
tar: Ignoring unknown extended header keyword 'LIBARCHIVE.xattr.com.apple.provenance'
tar: Ignoring unknown extended header keyword 'LIBARCHIVE.xattr.com.apple.provenance'
tar: Ignoring unknown extended header keyword 'LIBARCHIVE.xattr.com.apple.provenance'
tar: Ignoring unknown extended header keyword 'LIBARCHIVE.xattr.com.apple.provenance'
tar: Ignoring unknown extended header keyword 'LIBARCHIVE.xattr.com.apple.provenance'
tar: Ignoring unknown extended header keyword 'LIBARCHIVE.xattr.com.apple.provenance'
tar: Ignoring unknown extended header keyword 'LIBARCHIVE.xattr.com.apple.provenance'
tar: Ignoring unknown extended header keyword 'LIBARCHIVE.xattr.com.apple.provenance'
tar: Ignoring unknown extended header keyword 'LIBARCHIVE.xattr.com.apple.provenance'
tar: Ignoring unknown extended header keyword 'LIBARCHIVE.xattr.com.apple.provenance'
tar: Ignoring unknown extended header keyword 'LIBARCHIVE.xattr.com.apple.provenance'
tar: Ignoring unknown extended header keyword 'LIBARCHIVE.xattr.com.apple.provenance'
tar: Ignoring unknown extended header keyword 'LIBARCHIVE.xattr.com.apple.provenance'
tar: Ignoring unknown extended header keyword 'LIBARCHIVE.xattr.com.apple.provenance'
tar: Ignoring unknown extended header keyword 'LIBARCHIVE.xattr.com.apple.provenance'
tar: Ignoring unknown extended header keyword 'LIBARCHIVE.xattr.com.apple.provenance'
tar: Ignoring unknown extended header keyword 'LIBARCHIVE.xattr.com.apple.provenance'
tar: Ignoring unknown extended header keyword 'LIBARCHIVE.xattr.com.apple.provenance'
tar: Ignoring unknown extended header keyword 'LIBARCHIVE.xattr.com.apple.provenance'
tar: Ignoring unknown extended header keyword 'LIBARCHIVE.xattr.com.apple.provenance'
tar: Ignoring unknown extended header keyword 'LIBARCHIVE.xattr.com.apple.provenance'
tar: Ignoring unknown extended header keyword 'LIBARCHIVE.xattr.com.apple.provenance'
tar: Ignoring unknown extended header keyword 'LIBARCHIVE.xattr.com.apple.provenance'
tar: Ignoring unknown extended header keyword 'LIBARCHIVE.xattr.com.apple.provenance'
tar: Ignoring unknown extended header keyword 'LIBARCHIVE.xattr.com.apple.provenance'
tar: Ignoring unknown extended header keyword 'LIBARCHIVE.xattr.com.apple.provenance'
tar: Ignoring unknown extended header keyword 'LIBARCHIVE.xattr.com.apple.provenance'
tar: Ignoring unknown extended header keyword 'LIBARCHIVE.xattr.com.apple.provenance'
tar: Ignoring unknown extended header keyword 'LIBARCHIVE.xattr.com.apple.provenance'
tar: Ignoring unknown extended header keyword 'LIBARCHIVE.xattr.com.apple.provenance'
tar: Ignoring unknown extended header keyword 'LIBARCHIVE.xattr.com.apple.provenance'
tar: Ignoring unknown extended header keyword 'LIBARCHIVE.xattr.com.apple.provenance'
tar: Ignoring unknown extended header keyword 'LIBARCHIVE.xattr.com.apple.provenance'
tar: Ignoring unknown extended header keyword 'LIBARCHIVE.xattr.com.apple.provenance'
tar: Ignoring unknown extended header keyword 'LIBARCHIVE.xattr.com.apple.provenance'
tar: Ignoring unknown extended header keyword 'LIBARCHIVE.xattr.com.apple.provenance'
tar: Ignoring unknown extended header keyword 'LIBARCHIVE.xattr.com.apple.provenance'
tar: Ignoring unknown extended header keyword 'LIBARCHIVE.xattr.com.apple.provenance'
tar: Ignoring unknown extended header keyword 'LIBARCHIVE.xattr.com.apple.provenance'
tar: Ignoring unknown extended header keyword 'LIBARCHIVE.xattr.com.apple.provenance'
tar: Ignoring unknown extended header keyword 'LIBARCHIVE.xattr.com.apple.provenance'
tar: Ignoring unknown extended header keyword 'LIBARCHIVE.xattr.com.apple.provenance'
tar: Ignoring unknown extended header keyword 'LIBARCHIVE.xattr.com.apple.provenance'
tar: Ignoring unknown extended header keyword 'LIBARCHIVE.xattr.com.apple.provenance'
tar: Ignoring unknown extended header keyword 'LIBARCHIVE.xattr.com.apple.provenance'
tar: Ignoring unknown extended header keyword 'LIBARCHIVE.xattr.com.apple.provenance'
tar: Ignoring unknown extended header keyword 'LIBARCHIVE.xattr.com.apple.provenance'
tar: Ignoring unknown extended header keyword 'LIBARCHIVE.xattr.com.apple.provenance'
tar: Ignoring unknown extended header keyword 'LIBARCHIVE.xattr.com.apple.provenance'
tar: Ignoring unknown extended header keyword 'LIBARCHIVE.xattr.com.apple.provenance'
tar: Ignoring unknown extended header keyword 'LIBARCHIVE.xattr.com.apple.provenance'
tar: Ignoring unknown extended header keyword 'LIBARCHIVE.xattr.com.apple.provenance'
tar: Ignoring unknown extended header keyword 'LIBARCHIVE.xattr.com.apple.provenance'
tar: Ignoring unknown extended header keyword 'LIBARCHIVE.xattr.com.apple.provenance'
tar: Ignoring unknown extended header keyword 'LIBARCHIVE.xattr.com.apple.provenance'
tar: Ignoring unknown extended header keyword 'LIBARCHIVE.xattr.com.apple.provenance'
tar: Ignoring unknown extended header keyword 'LIBARCHIVE.xattr.com.apple.provenance'
tar: Ignoring unknown extended header keyword 'LIBARCHIVE.xattr.com.apple.provenance'
tar: Ignoring unknown extended header keyword 'LIBARCHIVE.xattr.com.apple.provenance'
tar: Ignoring unknown extended header keyword 'LIBARCHIVE.xattr.com.apple.provenance'
tar: Ignoring unknown extended header keyword 'LIBARCHIVE.xattr.com.apple.provenance'
tar: Ignoring unknown extended header keyword 'LIBARCHIVE.xattr.com.apple.provenance'
tar: Ignoring unknown extended header keyword 'LIBARCHIVE.xattr.com.apple.provenance'
tar: Ignoring unknown extended header keyword 'LIBARCHIVE.xattr.com.apple.provenance'
tar: Ignoring unknown extended header keyword 'LIBARCHIVE.xattr.com.apple.provenance'
tar: Ignoring unknown extended header keyword 'LIBARCHIVE.xattr.com.apple.provenance'
tar: Ignoring unknown extended header keyword 'LIBARCHIVE.xattr.com.apple.provenance'
tar: Ignoring unknown extended header keyword 'LIBARCHIVE.xattr.com.apple.provenance'
tar: Ignoring unknown extended header keyword 'LIBARCHIVE.xattr.com.apple.provenance'
tar: Ignoring unknown extended header keyword 'LIBARCHIVE.xattr.com.apple.provenance'
tar: Ignoring unknown extended header keyword 'LIBARCHIVE.xattr.com.apple.provenance'
tar: Ignoring unknown extended header keyword 'LIBARCHIVE.xattr.com.apple.provenance'
tar: Ignoring unknown extended header keyword 'LIBARCHIVE.xattr.com.apple.provenance'
tar: Ignoring unknown extended header keyword 'LIBARCHIVE.xattr.com.apple.provenance'
tar: Ignoring unknown extended header keyword 'LIBARCHIVE.xattr.com.apple.provenance'
tar: Ignoring unknown extended header keyword 'LIBARCHIVE.xattr.com.apple.provenance'
tar: Ignoring unknown extended header keyword 'LIBARCHIVE.xattr.com.apple.provenance'
tar: Ignoring unknown extended header keyword 'LIBARCHIVE.xattr.com.apple.provenance'
tar: Ignoring unknown extended header keyword 'LIBARCHIVE.xattr.com.apple.provenance'
tar: Ignoring unknown extended header keyword 'LIBARCHIVE.xattr.com.apple.provenance'
tar: Ignoring unknown extended header keyword 'LIBARCHIVE.xattr.com.apple.provenance'
tar: Ignoring unknown extended header keyword 'LIBARCHIVE.xattr.com.apple.provenance'
tar: Ignoring unknown extended header keyword 'LIBARCHIVE.xattr.com.apple.provenance'
tar: Ignoring unknown extended header keyword 'LIBARCHIVE.xattr.com.apple.provenance'
tar: Ignoring unknown extended header keyword 'LIBARCHIVE.xattr.com.apple.provenance'
tar: Ignoring unknown extended header keyword 'LIBARCHIVE.xattr.com.apple.provenance'
tar: Ignoring unknown extended header keyword 'LIBARCHIVE.xattr.com.apple.provenance'
tar: Ignoring unknown extended header keyword 'LIBARCHIVE.xattr.com.apple.provenance'
tar: Ignoring unknown extended header keyword 'LIBARCHIVE.xattr.com.apple.provenance'
tar: Ignoring unknown extended header keyword 'LIBARCHIVE.xattr.com.apple.provenance'
tar: Ignoring unknown extended header keyword 'LIBARCHIVE.xattr.com.apple.provenance'
tar: Ignoring unknown extended header keyword 'LIBARCHIVE.xattr.com.apple.provenance'
tar: Ignoring unknown extended header keyword 'LIBARCHIVE.xattr.com.apple.provenance'
tar: Ignoring unknown extended header keyword 'LIBARCHIVE.xattr.com.apple.provenance'
tar: Ignoring unknown extended header keyword 'LIBARCHIVE.xattr.com.apple.provenance'
tar: Ignoring unknown extended header keyword 'LIBARCHIVE.xattr.com.apple.provenance'
tar: Ignoring unknown extended header keyword 'LIBARCHIVE.xattr.com.apple.provenance'
tar: Ignoring unknown extended header keyword 'LIBARCHIVE.xattr.com.apple.provenance'
tar: Ignoring unknown extended header keyword 'LIBARCHIVE.xattr.com.apple.provenance'
tar: Ignoring unknown extended header keyword 'LIBARCHIVE.xattr.com.apple.provenance'
tar: Ignoring unknown extended header keyword 'LIBARCHIVE.xattr.com.apple.provenance'
tar: Ignoring unknown extended header keyword 'LIBARCHIVE.xattr.com.apple.provenance'
tar: Ignoring unknown extended header keyword 'LIBARCHIVE.xattr.com.apple.provenance'
tar: Ignoring unknown extended header keyword 'LIBARCHIVE.xattr.com.apple.provenance'
tar: Ignoring unknown extended header keyword 'LIBARCHIVE.xattr.com.apple.provenance'
tar: Ignoring unknown extended header keyword 'LIBARCHIVE.xattr.com.apple.provenance'
tar: Ignoring unknown extended header keyword 'LIBARCHIVE.xattr.com.apple.provenance'
tar: Ignoring unknown extended header keyword 'LIBARCHIVE.xattr.com.apple.provenance'
tar: Ignoring unknown extended header keyword 'LIBARCHIVE.xattr.com.apple.provenance'
tar: Ignoring unknown extended header keyword 'LIBARCHIVE.xattr.com.apple.provenance'
tar: Ignoring unknown extended header keyword 'LIBARCHIVE.xattr.com.apple.provenance'
tar: Ignoring unknown extended header keyword 'LIBARCHIVE.xattr.com.apple.provenance'
tar: Ignoring unknown extended header keyword 'LIBARCHIVE.xattr.com.apple.provenance'
tar: Ignoring unknown extended header keyword 'LIBARCHIVE.xattr.com.apple.provenance'
tar: Ignoring unknown extended header keyword 'LIBARCHIVE.xattr.com.apple.provenance'
tar: Ignoring unknown extended header keyword 'LIBARCHIVE.xattr.com.apple.provenance'
tar: Ignoring unknown extended header keyword 'LIBARCHIVE.xattr.com.apple.provenance'
tar: Ignoring unknown extended header keyword 'LIBARCHIVE.xattr.com.apple.provenance'
tar: Ignoring unknown extended header keyword 'LIBARCHIVE.xattr.com.apple.provenance'
tar: Ignoring unknown extended header keyword 'LIBARCHIVE.xattr.com.apple.provenance'
tar: Ignoring unknown extended header keyword 'LIBARCHIVE.xattr.com.apple.provenance'
tar: Ignoring unknown extended header keyword 'LIBARCHIVE.xattr.com.apple.provenance'
tar: Ignoring unknown extended header keyword 'LIBARCHIVE.xattr.com.apple.provenance'
tar: Ignoring unknown extended header keyword 'LIBARCHIVE.xattr.com.apple.provenance'
tar: Ignoring unknown extended header keyword 'LIBARCHIVE.xattr.com.apple.provenance'
tar: Ignoring unknown extended header keyword 'LIBARCHIVE.xattr.com.apple.provenance'
tar: Ignoring unknown extended header keyword 'LIBARCHIVE.xattr.com.apple.provenance'
tar: Ignoring unknown extended header keyword 'LIBARCHIVE.xattr.com.apple.provenance'
tar: Ignoring unknown extended header keyword 'LIBARCHIVE.xattr.com.apple.provenance'
tar: Ignoring unknown extended header keyword 'LIBARCHIVE.xattr.com.apple.provenance'
tar: Ignoring unknown extended header keyword 'LIBARCHIVE.xattr.com.apple.provenance'
tar: Ignoring unknown extended header keyword 'LIBARCHIVE.xattr.com.apple.provenance'
tar: Ignoring unknown extended header keyword 'LIBARCHIVE.xattr.com.apple.provenance'
tar: Ignoring unknown extended header keyword 'LIBARCHIVE.xattr.com.apple.provenance'
tar: Ignoring unknown extended header keyword 'LIBARCHIVE.xattr.com.apple.provenance'
tar: Ignoring unknown extended header keyword 'LIBARCHIVE.xattr.com.apple.provenance'
tar: Ignoring unknown extended header keyword 'LIBARCHIVE.xattr.com.apple.provenance'
tar: Ignoring unknown extended header keyword 'LIBARCHIVE.xattr.com.apple.provenance'
tar: Ignoring unknown extended header keyword 'LIBARCHIVE.xattr.com.apple.provenance'
tar: Ignoring unknown extended header keyword 'LIBARCHIVE.xattr.com.apple.provenance'
tar: Ignoring unknown extended header keyword 'LIBARCHIVE.xattr.com.apple.provenance'
tar: Ignoring unknown extended header keyword 'LIBARCHIVE.xattr.com.apple.provenance'
tar: Ignoring unknown extended header keyword 'LIBARCHIVE.xattr.com.apple.provenance'
tar: Ignoring unknown extended header keyword 'LIBARCHIVE.xattr.com.apple.provenance'
tar: Ignoring unknown extended header keyword 'LIBARCHIVE.xattr.com.apple.provenance'
tar: Ignoring unknown extended header keyword 'LIBARCHIVE.xattr.com.apple.provenance'
tar: Ignoring unknown extended header keyword 'LIBARCHIVE.xattr.com.apple.provenance'
tar: Ignoring unknown extended header keyword 'LIBARCHIVE.xattr.com.apple.provenance'
tar: Ignoring unknown extended header keyword 'LIBARCHIVE.xattr.com.apple.provenance'
tar: Ignoring unknown extended header keyword 'LIBARCHIVE.xattr.com.apple.provenance'
tar: Ignoring unknown extended header keyword 'LIBARCHIVE.xattr.com.apple.provenance'
tar: Ignoring unknown extended header keyword 'LIBARCHIVE.xattr.com.apple.provenance'
tar: Ignoring unknown extended header keyword 'LIBARCHIVE.xattr.com.apple.provenance'
tar: Ignoring unknown extended header keyword 'LIBARCHIVE.xattr.com.apple.provenance'
tar: Ignoring unknown extended header keyword 'LIBARCHIVE.xattr.com.apple.provenance'
tar: Ignoring unknown extended header keyword 'LIBARCHIVE.xattr.com.apple.provenance'
tar: Ignoring unknown extended header keyword 'LIBARCHIVE.xattr.com.apple.provenance'
tar: Ignoring unknown extended header keyword 'LIBARCHIVE.xattr.com.apple.provenance'
tar: Ignoring unknown extended header keyword 'LIBARCHIVE.xattr.com.apple.provenance'
tar: Ignoring unknown extended header keyword 'LIBARCHIVE.xattr.com.apple.provenance'
tar: Ignoring unknown extended header keyword 'LIBARCHIVE.xattr.com.apple.provenance'
tar: Ignoring unknown extended header keyword 'LIBARCHIVE.xattr.com.apple.provenance'
tar: Ignoring unknown extended header keyword 'LIBARCHIVE.xattr.com.apple.provenance'
tar: Ignoring unknown extended header keyword 'LIBARCHIVE.xattr.com.apple.provenance'
tar: Ignoring unknown extended header keyword 'LIBARCHIVE.xattr.com.apple.provenance'
tar: Ignoring unknown extended header keyword 'LIBARCHIVE.xattr.com.apple.provenance'
tar: Ignoring unknown extended header keyword 'LIBARCHIVE.xattr.com.apple.provenance'
tar: Ignoring unknown extended header keyword 'LIBARCHIVE.xattr.com.apple.provenance'
tar: Ignoring unknown extended header keyword 'LIBARCHIVE.xattr.com.apple.provenance'
tar: Ignoring unknown extended header keyword 'LIBARCHIVE.xattr.com.apple.provenance'
tar: Ignoring unknown extended header keyword 'LIBARCHIVE.xattr.com.apple.provenance'
tar: Ignoring unknown extended header keyword 'LIBARCHIVE.xattr.com.apple.provenance'
tar: Ignoring unknown extended header keyword 'LIBARCHIVE.xattr.com.apple.provenance'
tar: Ignoring unknown extended header keyword 'LIBARCHIVE.xattr.com.apple.provenance'
tar: Ignoring unknown extended header keyword 'LIBARCHIVE.xattr.com.apple.provenance'
tar: Ignoring unknown extended header keyword 'LIBARCHIVE.xattr.com.apple.provenance'
tar: Ignoring unknown extended header keyword 'LIBARCHIVE.xattr.com.apple.provenance'
tar: Ignoring unknown extended header keyword 'LIBARCHIVE.xattr.com.apple.provenance'
tar: Ignoring unknown extended header keyword 'LIBARCHIVE.xattr.com.apple.provenance'
tar: Ignoring unknown extended header keyword 'LIBARCHIVE.xattr.com.apple.provenance'
tar: Ignoring unknown extended header keyword 'LIBARCHIVE.xattr.com.apple.provenance'
tar: Ignoring unknown extended header keyword 'LIBARCHIVE.xattr.com.apple.provenance'
tar: Ignoring unknown extended header keyword 'LIBARCHIVE.xattr.com.apple.provenance'
tar: Ignoring unknown extended header keyword 'LIBARCHIVE.xattr.com.apple.provenance'
tar: Ignoring unknown extended header keyword 'LIBARCHIVE.xattr.com.apple.provenance'
tar: Ignoring unknown extended header keyword 'LIBARCHIVE.xattr.com.apple.provenance'
tar: Ignoring unknown extended header keyword 'LIBARCHIVE.xattr.com.apple.provenance'
tar: Ignoring unknown extended header keyword 'LIBARCHIVE.xattr.com.apple.provenance'
tar: Ignoring unknown extended header keyword 'LIBARCHIVE.xattr.com.apple.provenance'
tar: Ignoring unknown extended header keyword 'LIBARCHIVE.xattr.com.apple.provenance'
tar: Ignoring unknown extended header keyword 'LIBARCHIVE.xattr.com.apple.provenance'
tar: Ignoring unknown extended header keyword 'LIBARCHIVE.xattr.com.apple.provenance'
tar: Ignoring unknown extended header keyword 'LIBARCHIVE.xattr.com.apple.provenance'
tar: Ignoring unknown extended header keyword 'LIBARCHIVE.xattr.com.apple.provenance'
tar: Ignoring unknown extended header keyword 'LIBARCHIVE.xattr.com.apple.provenance'
tar: Ignoring unknown extended header keyword 'LIBARCHIVE.xattr.com.apple.provenance'
tar: Ignoring unknown extended header keyword 'LIBARCHIVE.xattr.com.apple.provenance'
tar: Ignoring unknown extended header keyword 'LIBARCHIVE.xattr.com.apple.provenance'
tar: Ignoring unknown extended header keyword 'LIBARCHIVE.xattr.com.apple.provenance'
tar: Ignoring unknown extended header keyword 'LIBARCHIVE.xattr.com.apple.provenance'
tar: Ignoring unknown extended header keyword 'LIBARCHIVE.xattr.com.apple.provenance'
tar: Ignoring unknown extended header keyword 'LIBARCHIVE.xattr.com.apple.provenance'
tar: Ignoring unknown extended header keyword 'LIBARCHIVE.xattr.com.apple.provenance'
tar: Ignoring unknown extended header keyword 'LIBARCHIVE.xattr.com.apple.provenance'
tar: Ignoring unknown extended header keyword 'LIBARCHIVE.xattr.com.apple.provenance'
tar: Ignoring unknown extended header keyword 'LIBARCHIVE.xattr.com.apple.provenance'
tar: Ignoring unknown extended header keyword 'LIBARCHIVE.xattr.com.apple.provenance'
tar: Ignoring unknown extended header keyword 'LIBARCHIVE.xattr.com.apple.provenance'
tar: Ignoring unknown extended header keyword 'LIBARCHIVE.xattr.com.apple.provenance'
tar: Ignoring unknown extended header keyword 'LIBARCHIVE.xattr.com.apple.provenance'
tar: Ignoring unknown extended header keyword 'LIBARCHIVE.xattr.com.apple.provenance'
tar: Ignoring unknown extended header keyword 'LIBARCHIVE.xattr.com.apple.provenance'
tar: Ignoring unknown extended header keyword 'LIBARCHIVE.xattr.com.apple.provenance'
tar: Ignoring unknown extended header keyword 'LIBARCHIVE.xattr.com.apple.provenance'
tar: Ignoring unknown extended header keyword 'LIBARCHIVE.xattr.com.apple.provenance'
tar: Ignoring unknown extended header keyword 'LIBARCHIVE.xattr.com.apple.provenance'
tar: Ignoring unknown extended header keyword 'LIBARCHIVE.xattr.com.apple.provenance'
tar: Ignoring unknown extended header keyword 'LIBARCHIVE.xattr.com.apple.provenance'
tar: Ignoring unknown extended header keyword 'LIBARCHIVE.xattr.com.apple.provenance'
tar: Ignoring unknown extended header keyword 'LIBARCHIVE.xattr.com.apple.provenance'
tar: Ignoring unknown extended header keyword 'LIBARCHIVE.xattr.com.apple.provenance'
tar: Ignoring unknown extended header keyword 'LIBARCHIVE.xattr.com.apple.provenance'
tar: Ignoring unknown extended header keyword 'LIBARCHIVE.xattr.com.apple.provenance'
tar: Ignoring unknown extended header keyword 'LIBARCHIVE.xattr.com.apple.provenance'
tar: Ignoring unknown extended header keyword 'LIBARCHIVE.xattr.com.apple.provenance'
tar: Ignoring unknown extended header keyword 'LIBARCHIVE.xattr.com.apple.provenance'
tar: Ignoring unknown extended header keyword 'LIBARCHIVE.xattr.com.apple.provenance'
tar: Ignoring unknown extended header keyword 'LIBARCHIVE.xattr.com.apple.provenance'
tar: Ignoring unknown extended header keyword 'LIBARCHIVE.xattr.com.apple.provenance'
tar: Ignoring unknown extended header keyword 'LIBARCHIVE.xattr.com.apple.provenance'
tar: Ignoring unknown extended header keyword 'LIBARCHIVE.xattr.com.apple.provenance'
tar: Ignoring unknown extended header keyword 'LIBARCHIVE.xattr.com.apple.provenance'
tar: Ignoring unknown extended header keyword 'LIBARCHIVE.xattr.com.apple.provenance'
tar: Ignoring unknown extended header keyword 'LIBARCHIVE.xattr.com.apple.provenance'
tar: Ignoring unknown extended header keyword 'LIBARCHIVE.xattr.com.apple.provenance'
tar: Ignoring unknown extended header keyword 'LIBARCHIVE.xattr.com.apple.provenance'
tar: Ignoring unknown extended header keyword 'LIBARCHIVE.xattr.com.apple.provenance'
tar: Ignoring unknown extended header keyword 'LIBARCHIVE.xattr.com.apple.provenance'
tar: Ignoring unknown extended header keyword 'LIBARCHIVE.xattr.com.apple.provenance'
tar: Ignoring unknown extended header keyword 'LIBARCHIVE.xattr.com.apple.provenance'
tar: Ignoring unknown extended header keyword 'LIBARCHIVE.xattr.com.apple.provenance'
tar: Ignoring unknown extended header keyword 'LIBARCHIVE.xattr.com.apple.provenance'
tar: Ignoring unknown extended header keyword 'LIBARCHIVE.xattr.com.apple.provenance'
tar: Ignoring unknown extended header keyword 'LIBARCHIVE.xattr.com.apple.provenance'
tar: Ignoring unknown extended header keyword 'LIBARCHIVE.xattr.com.apple.provenance'
tar: Ignoring unknown extended header keyword 'LIBARCHIVE.xattr.com.apple.provenance'
tar: Ignoring unknown extended header keyword 'LIBARCHIVE.xattr.com.apple.provenance'
tar: Ignoring unknown extended header keyword 'LIBARCHIVE.xattr.com.apple.provenance'
tar: Ignoring unknown extended header keyword 'LIBARCHIVE.xattr.com.apple.provenance'
tar: Ignoring unknown extended header keyword 'LIBARCHIVE.xattr.com.apple.provenance'
tar: Ignoring unknown extended header keyword 'LIBARCHIVE.xattr.com.apple.provenance'
tar: Ignoring unknown extended header keyword 'LIBARCHIVE.xattr.com.apple.provenance'
tar: Ignoring unknown extended header keyword 'LIBARCHIVE.xattr.com.apple.provenance'
tar: Ignoring unknown extended header keyword 'LIBARCHIVE.xattr.com.apple.provenance'
tar: Ignoring unknown extended header keyword 'LIBARCHIVE.xattr.com.apple.provenance'
tar: Ignoring unknown extended header keyword 'LIBARCHIVE.xattr.com.apple.provenance'
tar: Ignoring unknown extended header keyword 'LIBARCHIVE.xattr.com.apple.provenance'
tar: Ignoring unknown extended header keyword 'LIBARCHIVE.xattr.com.apple.provenance'
tar: Ignoring unknown extended header keyword 'LIBARCHIVE.xattr.com.apple.provenance'
tar: Ignoring unknown extended header keyword 'LIBARCHIVE.xattr.com.apple.provenance'
tar: Ignoring unknown extended header keyword 'LIBARCHIVE.xattr.com.apple.provenance'
tar: Ignoring unknown extended header keyword 'LIBARCHIVE.xattr.com.apple.provenance'
tar: Ignoring unknown extended header keyword 'LIBARCHIVE.xattr.com.apple.provenance'
tar: Ignoring unknown extended header keyword 'LIBARCHIVE.xattr.com.apple.provenance'
tar: Ignoring unknown extended header keyword 'LIBARCHIVE.xattr.com.apple.provenance'
tar: Ignoring unknown extended header keyword 'LIBARCHIVE.xattr.com.apple.provenance'
tar: Ignoring unknown extended header keyword 'LIBARCHIVE.xattr.com.apple.provenance'
tar: Ignoring unknown extended header keyword 'LIBARCHIVE.xattr.com.apple.provenance'
tar: Ignoring unknown extended header keyword 'LIBARCHIVE.xattr.com.apple.provenance'
tar: Ignoring unknown extended header keyword 'LIBARCHIVE.xattr.com.apple.provenance'
tar: Ignoring unknown extended header keyword 'LIBARCHIVE.xattr.com.apple.provenance'
tar: Ignoring unknown extended header keyword 'LIBARCHIVE.xattr.com.apple.provenance'
tar: Ignoring unknown extended header keyword 'LIBARCHIVE.xattr.com.apple.provenance'
tar: Ignoring unknown extended header keyword 'LIBARCHIVE.xattr.com.apple.provenance'
tar: Ignoring unknown extended header keyword 'LIBARCHIVE.xattr.com.apple.provenance'
tar: Ignoring unknown extended header keyword 'LIBARCHIVE.xattr.com.apple.provenance'
tar: Ignoring unknown extended header keyword 'LIBARCHIVE.xattr.com.apple.provenance'
tar: Ignoring unknown extended header keyword 'LIBARCHIVE.xattr.com.apple.provenance'
tar: Ignoring unknown extended header keyword 'LIBARCHIVE.xattr.com.apple.provenance'
tar: Ignoring unknown extended header keyword 'LIBARCHIVE.xattr.com.apple.provenance'
tar: Ignoring unknown extended header keyword 'LIBARCHIVE.xattr.com.apple.provenance'
tar: Ignoring unknown extended header keyword 'LIBARCHIVE.xattr.com.apple.provenance'
tar: Ignoring unknown extended header keyword 'LIBARCHIVE.xattr.com.apple.provenance'
tar: Ignoring unknown extended header keyword 'LIBARCHIVE.xattr.com.apple.provenance'
tar: Ignoring unknown extended header keyword 'LIBARCHIVE.xattr.com.apple.provenance'
tar: Ignoring unknown extended header keyword 'LIBARCHIVE.xattr.com.apple.provenance'
tar: Ignoring unknown extended header keyword 'LIBARCHIVE.xattr.com.apple.provenance'
tar: Ignoring unknown extended header keyword 'LIBARCHIVE.xattr.com.apple.provenance'
tar: Ignoring unknown extended header keyword 'LIBARCHIVE.xattr.com.apple.provenance'
tar: Ignoring unknown extended header keyword 'LIBARCHIVE.xattr.com.apple.provenance'
tar: Ignoring unknown extended header keyword 'LIBARCHIVE.xattr.com.apple.provenance'
tar: Ignoring unknown extended header keyword 'LIBARCHIVE.xattr.com.apple.provenance'
tar: Ignoring unknown extended header keyword 'LIBARCHIVE.xattr.com.apple.provenance'
tar: Ignoring unknown extended header keyword 'LIBARCHIVE.xattr.com.apple.provenance'
tar: Ignoring unknown extended header keyword 'LIBARCHIVE.xattr.com.apple.provenance'
tar: Ignoring unknown extended header keyword 'LIBARCHIVE.xattr.com.apple.provenance'
tar: Ignoring unknown extended header keyword 'LIBARCHIVE.xattr.com.apple.provenance'
tar: Ignoring unknown extended header keyword 'LIBARCHIVE.xattr.com.apple.provenance'
tar: Ignoring unknown extended header keyword 'LIBARCHIVE.xattr.com.apple.provenance'
tar: Ignoring unknown extended header keyword 'LIBARCHIVE.xattr.com.apple.provenance'
tar: Ignoring unknown extended header keyword 'LIBARCHIVE.xattr.com.apple.provenance'
tar: Ignoring unknown extended header keyword 'LIBARCHIVE.xattr.com.apple.provenance'
tar: Ignoring unknown extended header keyword 'LIBARCHIVE.xattr.com.apple.provenance'
tar: Ignoring unknown extended header keyword 'LIBARCHIVE.xattr.com.apple.provenance'
tar: Ignoring unknown extended header keyword 'LIBARCHIVE.xattr.com.apple.provenance'
tar: Ignoring unknown extended header keyword 'LIBARCHIVE.xattr.com.apple.provenance'
tar: Ignoring unknown extended header keyword 'LIBARCHIVE.xattr.com.apple.provenance'
tar: Ignoring unknown extended header keyword 'LIBARCHIVE.xattr.com.apple.provenance'
tar: Ignoring unknown extended header keyword 'LIBARCHIVE.xattr.com.apple.provenance'
tar: Ignoring unknown extended header keyword 'LIBARCHIVE.xattr.com.apple.provenance'
tar: Ignoring unknown extended header keyword 'LIBARCHIVE.xattr.com.apple.provenance'
tar: Ignoring unknown extended header keyword 'LIBARCHIVE.xattr.com.apple.provenance'
tar: Ignoring unknown extended header keyword 'LIBARCHIVE.xattr.com.apple.provenance'
tar: Ignoring unknown extended header keyword 'LIBARCHIVE.xattr.com.apple.provenance'
tar: Ignoring unknown extended header keyword 'LIBARCHIVE.xattr.com.apple.provenance'
tar: Ignoring unknown extended header keyword 'LIBARCHIVE.xattr.com.apple.provenance'
tar: Ignoring unknown extended header keyword 'LIBARCHIVE.xattr.com.apple.provenance'
tar: Ignoring unknown extended header keyword 'LIBARCHIVE.xattr.com.apple.provenance'
tar: Ignoring unknown extended header keyword 'LIBARCHIVE.xattr.com.apple.provenance'
tar: Ignoring unknown extended header keyword 'LIBARCHIVE.xattr.com.apple.provenance'
tar: Ignoring unknown extended header keyword 'LIBARCHIVE.xattr.com.apple.provenance'
tar: Ignoring unknown extended header keyword 'LIBARCHIVE.xattr.com.apple.provenance'
tar: Ignoring unknown extended header keyword 'LIBARCHIVE.xattr.com.apple.provenance'
tar: Ignoring unknown extended header keyword 'LIBARCHIVE.xattr.com.apple.provenance'
tar: Ignoring unknown extended header keyword 'LIBARCHIVE.xattr.com.apple.provenance'
tar: Ignoring unknown extended header keyword 'LIBARCHIVE.xattr.com.apple.provenance'
tar: Ignoring unknown extended header keyword 'LIBARCHIVE.xattr.com.apple.provenance'
tar: Ignoring unknown extended header keyword 'LIBARCHIVE.xattr.com.apple.provenance'
tar: Ignoring unknown extended header keyword 'LIBARCHIVE.xattr.com.apple.provenance'
tar: Ignoring unknown extended header keyword 'LIBARCHIVE.xattr.com.apple.provenance'
tar: Ignoring unknown extended header keyword 'LIBARCHIVE.xattr.com.apple.provenance'
tar: Ignoring unknown extended header keyword 'LIBARCHIVE.xattr.com.apple.provenance'
tar: Ignoring unknown extended header keyword 'LIBARCHIVE.xattr.com.apple.provenance'
tar: Ignoring unknown extended header keyword 'LIBARCHIVE.xattr.com.apple.provenance'
tar: Ignoring unknown extended header keyword 'LIBARCHIVE.xattr.com.apple.provenance'
tar: Ignoring unknown extended header keyword 'LIBARCHIVE.xattr.com.apple.provenance'
tar: Ignoring unknown extended header keyword 'LIBARCHIVE.xattr.com.apple.provenance'
tar: Ignoring unknown extended header keyword 'LIBARCHIVE.xattr.com.apple.provenance'
tar: Ignoring unknown extended header keyword 'LIBARCHIVE.xattr.com.apple.provenance'
tar: Ignoring unknown extended header keyword 'LIBARCHIVE.xattr.com.apple.provenance'
tar: Ignoring unknown extended header keyword 'LIBARCHIVE.xattr.com.apple.provenance'
tar: Ignoring unknown extended header keyword 'LIBARCHIVE.xattr.com.apple.provenance'
tar: Ignoring unknown extended header keyword 'LIBARCHIVE.xattr.com.apple.provenance'
tar: Ignoring unknown extended header keyword 'LIBARCHIVE.xattr.com.apple.provenance'
tar: Ignoring unknown extended header keyword 'LIBARCHIVE.xattr.com.apple.provenance'
tar: Ignoring unknown extended header keyword 'LIBARCHIVE.xattr.com.apple.provenance'
tar: Ignoring unknown extended header keyword 'LIBARCHIVE.xattr.com.apple.provenance'
tar: Ignoring unknown extended header keyword 'LIBARCHIVE.xattr.com.apple.provenance'
tar: Ignoring unknown extended header keyword 'LIBARCHIVE.xattr.com.apple.provenance'
tar: Ignoring unknown extended header keyword 'LIBARCHIVE.xattr.com.apple.provenance'
tar: Ignoring unknown extended header keyword 'LIBARCHIVE.xattr.com.apple.provenance'
tar: Ignoring unknown extended header keyword 'LIBARCHIVE.xattr.com.apple.provenance'
tar: Ignoring unknown extended header keyword 'LIBARCHIVE.xattr.com.apple.provenance'
tar: Ignoring unknown extended header keyword 'LIBARCHIVE.xattr.com.apple.provenance'
tar: Ignoring unknown extended header keyword 'LIBARCHIVE.xattr.com.apple.provenance'
tar: Ignoring unknown extended header keyword 'LIBARCHIVE.xattr.com.apple.provenance'
tar: Ignoring unknown extended header keyword 'LIBARCHIVE.xattr.com.apple.provenance'
tar: Ignoring unknown extended header keyword 'LIBARCHIVE.xattr.com.apple.provenance'
tar: Ignoring unknown extended header keyword 'LIBARCHIVE.xattr.com.apple.provenance'
tar: Ignoring unknown extended header keyword 'LIBARCHIVE.xattr.com.apple.provenance'
tar: Ignoring unknown extended header keyword 'LIBARCHIVE.xattr.com.apple.provenance'
tar: Ignoring unknown extended header keyword 'LIBARCHIVE.xattr.com.apple.provenance'
tar: Ignoring unknown extended header keyword 'LIBARCHIVE.xattr.com.apple.provenance'
tar: Ignoring unknown extended header keyword 'LIBARCHIVE.xattr.com.apple.provenance'
tar: Ignoring unknown extended header keyword 'LIBARCHIVE.xattr.com.apple.provenance'
tar: Ignoring unknown extended header keyword 'LIBARCHIVE.xattr.com.apple.provenance'
tar: Ignoring unknown extended header keyword 'LIBARCHIVE.xattr.com.apple.provenance'
tar: Ignoring unknown extended header keyword 'LIBARCHIVE.xattr.com.apple.provenance'
tar: Ignoring unknown extended header keyword 'LIBARCHIVE.xattr.com.apple.provenance'
tar: Ignoring unknown extended header keyword 'LIBARCHIVE.xattr.com.apple.provenance'
tar: Ignoring unknown extended header keyword 'LIBARCHIVE.xattr.com.apple.provenance'
tar: Ignoring unknown extended header keyword 'LIBARCHIVE.xattr.com.apple.provenance'
tar: Ignoring unknown extended header keyword 'LIBARCHIVE.xattr.com.apple.provenance'
tar: Ignoring unknown extended header keyword 'LIBARCHIVE.xattr.com.apple.provenance'
tar: Ignoring unknown extended header keyword 'LIBARCHIVE.xattr.com.apple.provenance'
tar: Ignoring unknown extended header keyword 'LIBARCHIVE.xattr.com.apple.provenance'
tar: Ignoring unknown extended header keyword 'LIBARCHIVE.xattr.com.apple.provenance'
tar: Ignoring unknown extended header keyword 'LIBARCHIVE.xattr.com.apple.provenance'
tar: Ignoring unknown extended header keyword 'LIBARCHIVE.xattr.com.apple.provenance'
tar: Ignoring unknown extended header keyword 'LIBARCHIVE.xattr.com.apple.provenance'
tar: Ignoring unknown extended header keyword 'LIBARCHIVE.xattr.com.apple.provenance'
tar: Ignoring unknown extended header keyword 'LIBARCHIVE.xattr.com.apple.provenance'
tar: Ignoring unknown extended header keyword 'LIBARCHIVE.xattr.com.apple.provenance'
tar: Ignoring unknown extended header keyword 'LIBARCHIVE.xattr.com.apple.provenance'
tar: Ignoring unknown extended header keyword 'LIBARCHIVE.xattr.com.apple.provenance'
tar: Ignoring unknown extended header keyword 'LIBARCHIVE.xattr.com.apple.provenance'
tar: Ignoring unknown extended header keyword 'LIBARCHIVE.xattr.com.apple.provenance'
tar: Ignoring unknown extended header keyword 'LIBARCHIVE.xattr.com.apple.provenance'
tar: Ignoring unknown extended header keyword 'LIBARCHIVE.xattr.com.apple.provenance'
tar: Ignoring unknown extended header keyword 'LIBARCHIVE.xattr.com.apple.provenance'
tar: Ignoring unknown extended header keyword 'LIBARCHIVE.xattr.com.apple.provenance'
tar: Ignoring unknown extended header keyword 'LIBARCHIVE.xattr.com.apple.provenance'
tar: Ignoring unknown extended header keyword 'LIBARCHIVE.xattr.com.apple.provenance'
tar: Ignoring unknown extended header keyword 'LIBARCHIVE.xattr.com.apple.provenance'
tar: Ignoring unknown extended header keyword 'LIBARCHIVE.xattr.com.apple.provenance'
tar: Ignoring unknown extended header keyword 'LIBARCHIVE.xattr.com.apple.provenance'
tar: Ignoring unknown extended header keyword 'LIBARCHIVE.xattr.com.apple.provenance'
tar: Ignoring unknown extended header keyword 'LIBARCHIVE.xattr.com.apple.provenance'
tar: Ignoring unknown extended header keyword 'LIBARCHIVE.xattr.com.apple.provenance'
tar: Ignoring unknown extended header keyword 'LIBARCHIVE.xattr.com.apple.provenance'
tar: Ignoring unknown extended header keyword 'LIBARCHIVE.xattr.com.apple.provenance'
tar: Ignoring unknown extended header keyword 'LIBARCHIVE.xattr.com.apple.provenance'
tar: Ignoring unknown extended header keyword 'LIBARCHIVE.xattr.com.apple.provenance'
tar: Ignoring unknown extended header keyword 'LIBARCHIVE.xattr.com.apple.provenance'
tar: Ignoring unknown extended header keyword 'LIBARCHIVE.xattr.com.apple.provenance'
tar: Ignoring unknown extended header keyword 'LIBARCHIVE.xattr.com.apple.provenance'
tar: Ignoring unknown extended header keyword 'LIBARCHIVE.xattr.com.apple.provenance'
tar: Ignoring unknown extended header keyword 'LIBARCHIVE.xattr.com.apple.provenance'
tar: Ignoring unknown extended header keyword 'LIBARCHIVE.xattr.com.apple.provenance'
tar: Ignoring unknown extended header keyword 'LIBARCHIVE.xattr.com.apple.provenance'
tar: Ignoring unknown extended header keyword 'LIBARCHIVE.xattr.com.apple.provenance'
tar: Ignoring unknown extended header keyword 'LIBARCHIVE.xattr.com.apple.provenance'
tar: Ignoring unknown extended header keyword 'LIBARCHIVE.xattr.com.apple.provenance'
tar: Ignoring unknown extended header keyword 'LIBARCHIVE.xattr.com.apple.provenance'
tar: Ignoring unknown extended header keyword 'LIBARCHIVE.xattr.com.apple.provenance'
tar: Ignoring unknown extended header keyword 'LIBARCHIVE.xattr.com.apple.provenance'
tar: Ignoring unknown extended header keyword 'LIBARCHIVE.xattr.com.apple.provenance'
tar: Ignoring unknown extended header keyword 'LIBARCHIVE.xattr.com.apple.provenance'
tar: Ignoring unknown extended header keyword 'LIBARCHIVE.xattr.com.apple.provenance'
tar: Ignoring unknown extended header keyword 'LIBARCHIVE.xattr.com.apple.provenance'
tar: Ignoring unknown extended header keyword 'LIBARCHIVE.xattr.com.apple.provenance'
tar: Ignoring unknown extended header keyword 'LIBARCHIVE.xattr.com.apple.provenance'
tar: Ignoring unknown extended header keyword 'LIBARCHIVE.xattr.com.apple.provenance'
tar: Ignoring unknown extended header keyword 'LIBARCHIVE.xattr.com.apple.provenance'
tar: Ignoring unknown extended header keyword 'LIBARCHIVE.xattr.com.apple.provenance'
tar: Ignoring unknown extended header keyword 'LIBARCHIVE.xattr.com.apple.provenance'
tar: Ignoring unknown extended header keyword 'LIBARCHIVE.xattr.com.apple.provenance'
tar: Ignoring unknown extended header keyword 'LIBARCHIVE.xattr.com.apple.provenance'
tar: Ignoring unknown extended header keyword 'LIBARCHIVE.xattr.com.apple.provenance'
tar: Ignoring unknown extended header keyword 'LIBARCHIVE.xattr.com.apple.provenance'
tar: Ignoring unknown extended header keyword 'LIBARCHIVE.xattr.com.apple.provenance'
tar: Ignoring unknown extended header keyword 'LIBARCHIVE.xattr.com.apple.provenance'
tar: Ignoring unknown extended header keyword 'LIBARCHIVE.xattr.com.apple.provenance'
tar: Ignoring unknown extended header keyword 'LIBARCHIVE.xattr.com.apple.provenance'
tar: Ignoring unknown extended header keyword 'LIBARCHIVE.xattr.com.apple.provenance'
tar: Ignoring unknown extended header keyword 'LIBARCHIVE.xattr.com.apple.provenance'
tar: Ignoring unknown extended header keyword 'LIBARCHIVE.xattr.com.apple.provenance'
tar: Ignoring unknown extended header keyword 'LIBARCHIVE.xattr.com.apple.provenance'
tar: Ignoring unknown extended header keyword 'LIBARCHIVE.xattr.com.apple.provenance'
tar: Ignoring unknown extended header keyword 'LIBARCHIVE.xattr.com.apple.provenance'
tar: Ignoring unknown extended header keyword 'LIBARCHIVE.xattr.com.apple.provenance'
tar: Ignoring unknown extended header keyword 'LIBARCHIVE.xattr.com.apple.provenance'
tar: Ignoring unknown extended header keyword 'LIBARCHIVE.xattr.com.apple.provenance'
tar: Ignoring unknown extended header keyword 'LIBARCHIVE.xattr.com.apple.provenance'
tar: Ignoring unknown extended header keyword 'LIBARCHIVE.xattr.com.apple.provenance'
tar: Ignoring unknown extended header keyword 'LIBARCHIVE.xattr.com.apple.provenance'
tar: Ignoring unknown extended header keyword 'LIBARCHIVE.xattr.com.apple.provenance'
tar: Ignoring unknown extended header keyword 'LIBARCHIVE.xattr.com.apple.provenance'
tar: Ignoring unknown extended header keyword 'LIBARCHIVE.xattr.com.apple.provenance'
tar: Ignoring unknown extended header keyword 'LIBARCHIVE.xattr.com.apple.provenance'
tar: Ignoring unknown extended header keyword 'LIBARCHIVE.xattr.com.apple.provenance'
tar: Ignoring unknown extended header keyword 'LIBARCHIVE.xattr.com.apple.provenance'
tar: Ignoring unknown extended header keyword 'LIBARCHIVE.xattr.com.apple.provenance'
tar: Ignoring unknown extended header keyword 'LIBARCHIVE.xattr.com.apple.provenance'
tar: Ignoring unknown extended header keyword 'LIBARCHIVE.xattr.com.apple.provenance'
tar: Ignoring unknown extended header keyword 'LIBARCHIVE.xattr.com.apple.provenance'
tar: Ignoring unknown extended header keyword 'LIBARCHIVE.xattr.com.apple.provenance'
tar: Ignoring unknown extended header keyword 'LIBARCHIVE.xattr.com.apple.provenance'
tar: Ignoring unknown extended header keyword 'LIBARCHIVE.xattr.com.apple.provenance'
tar: Ignoring unknown extended header keyword 'LIBARCHIVE.xattr.com.apple.provenance'
tar: Ignoring unknown extended header keyword 'LIBARCHIVE.xattr.com.apple.provenance'
tar: Ignoring unknown extended header keyword 'LIBARCHIVE.xattr.com.apple.provenance'
tar: Ignoring unknown extended header keyword 'LIBARCHIVE.xattr.com.apple.provenance'
tar: Ignoring unknown extended header keyword 'LIBARCHIVE.xattr.com.apple.provenance'
tar: Ignoring unknown extended header keyword 'LIBARCHIVE.xattr.com.apple.provenance'
tar: Ignoring unknown extended header keyword 'LIBARCHIVE.xattr.com.apple.provenance'
tar: Ignoring unknown extended header keyword 'LIBARCHIVE.xattr.com.apple.provenance'
tar: Ignoring unknown extended header keyword 'LIBARCHIVE.xattr.com.apple.provenance'
tar: Ignoring unknown extended header keyword 'LIBARCHIVE.xattr.com.apple.provenance'
tar: Ignoring unknown extended header keyword 'LIBARCHIVE.xattr.com.apple.provenance'
tar: Ignoring unknown extended header keyword 'LIBARCHIVE.xattr.com.apple.provenance'
tar: Ignoring unknown extended header keyword 'LIBARCHIVE.xattr.com.apple.provenance'
tar: Ignoring unknown extended header keyword 'LIBARCHIVE.xattr.com.apple.provenance'
tar: Ignoring unknown extended header keyword 'LIBARCHIVE.xattr.com.apple.provenance'
tar: Ignoring unknown extended header keyword 'LIBARCHIVE.xattr.com.apple.provenance'
tar: Ignoring unknown extended header keyword 'LIBARCHIVE.xattr.com.apple.provenance'
tar: Ignoring unknown extended header keyword 'LIBARCHIVE.xattr.com.apple.provenance'
tar: Ignoring unknown extended header keyword 'LIBARCHIVE.xattr.com.apple.provenance'
tar: Ignoring unknown extended header keyword 'LIBARCHIVE.xattr.com.apple.provenance'
tar: Ignoring unknown extended header keyword 'LIBARCHIVE.xattr.com.apple.provenance'
tar: Ignoring unknown extended header keyword 'LIBARCHIVE.xattr.com.apple.provenance'
tar: Ignoring unknown extended header keyword 'LIBARCHIVE.xattr.com.apple.provenance'
tar: Ignoring unknown extended header keyword 'LIBARCHIVE.xattr.com.apple.provenance'
tar: Ignoring unknown extended header keyword 'LIBARCHIVE.xattr.com.apple.provenance'
tar: Ignoring unknown extended header keyword 'LIBARCHIVE.xattr.com.apple.provenance'
tar: Ignoring unknown extended header keyword 'LIBARCHIVE.xattr.com.apple.provenance'
tar: Ignoring unknown extended header keyword 'LIBARCHIVE.xattr.com.apple.provenance'
tar: Ignoring unknown extended header keyword 'LIBARCHIVE.xattr.com.apple.provenance'
tar: Ignoring unknown extended header keyword 'LIBARCHIVE.xattr.com.apple.provenance'
tar: Ignoring unknown extended header keyword 'LIBARCHIVE.xattr.com.apple.provenance'
tar: Ignoring unknown extended header keyword 'LIBARCHIVE.xattr.com.apple.provenance'
tar: Ignoring unknown extended header keyword 'LIBARCHIVE.xattr.com.apple.provenance'
tar: Ignoring unknown extended header keyword 'LIBARCHIVE.xattr.com.apple.provenance'
tar: Ignoring unknown extended header keyword 'LIBARCHIVE.xattr.com.apple.provenance'
tar: Ignoring unknown extended header keyword 'LIBARCHIVE.xattr.com.apple.provenance'
tar: Ignoring unknown extended header keyword 'LIBARCHIVE.xattr.com.apple.provenance'
tar: Ignoring unknown extended header keyword 'LIBARCHIVE.xattr.com.apple.provenance'
tar: Ignoring unknown extended header keyword 'LIBARCHIVE.xattr.com.apple.provenance'
tar: Ignoring unknown extended header keyword 'LIBARCHIVE.xattr.com.apple.provenance'
tar: Ignoring unknown extended header keyword 'LIBARCHIVE.xattr.com.apple.provenance'
tar: Ignoring unknown extended header keyword 'LIBARCHIVE.xattr.com.apple.provenance'
tar: Ignoring unknown extended header keyword 'LIBARCHIVE.xattr.com.apple.provenance'
tar: Ignoring unknown extended header keyword 'LIBARCHIVE.xattr.com.apple.provenance'
tar: Ignoring unknown extended header keyword 'LIBARCHIVE.xattr.com.apple.provenance'
tar: Ignoring unknown extended header keyword 'LIBARCHIVE.xattr.com.apple.provenance'
tar: Ignoring unknown extended header keyword 'LIBARCHIVE.xattr.com.apple.provenance'
tar: Ignoring unknown extended header keyword 'LIBARCHIVE.xattr.com.apple.provenance'
tar: Ignoring unknown extended header keyword 'LIBARCHIVE.xattr.com.apple.provenance'
tar: Ignoring unknown extended header keyword 'LIBARCHIVE.xattr.com.apple.provenance'
tar: Ignoring unknown extended header keyword 'LIBARCHIVE.xattr.com.apple.provenance'
tar: Ignoring unknown extended header keyword 'LIBARCHIVE.xattr.com.apple.provenance'
tar: Ignoring unknown extended header keyword 'LIBARCHIVE.xattr.com.apple.provenance'
tar: Ignoring unknown extended header keyword 'LIBARCHIVE.xattr.com.apple.provenance'
tar: Ignoring unknown extended header keyword 'LIBARCHIVE.xattr.com.apple.provenance'
tar: Ignoring unknown extended header keyword 'LIBARCHIVE.xattr.com.apple.provenance'
tar: Ignoring unknown extended header keyword 'LIBARCHIVE.xattr.com.apple.provenance'
tar: Ignoring unknown extended header keyword 'LIBARCHIVE.xattr.com.apple.provenance'
tar: Ignoring unknown extended header keyword 'LIBARCHIVE.xattr.com.apple.provenance'
tar: Ignoring unknown extended header keyword 'LIBARCHIVE.xattr.com.apple.provenance'
tar: Ignoring unknown extended header keyword 'LIBARCHIVE.xattr.com.apple.provenance'
tar: Ignoring unknown extended header keyword 'LIBARCHIVE.xattr.com.apple.provenance'
tar: Ignoring unknown extended header keyword 'LIBARCHIVE.xattr.com.apple.provenance'
tar: Ignoring unknown extended header keyword 'LIBARCHIVE.xattr.com.apple.provenance'
tar: Ignoring unknown extended header keyword 'LIBARCHIVE.xattr.com.apple.provenance'
tar: Ignoring unknown extended header keyword 'LIBARCHIVE.xattr.com.apple.provenance'
tar: Ignoring unknown extended header keyword 'LIBARCHIVE.xattr.com.apple.provenance'
tar: Ignoring unknown extended header keyword 'LIBARCHIVE.xattr.com.apple.provenance'
tar: Ignoring unknown extended header keyword 'LIBARCHIVE.xattr.com.apple.provenance'
tar: Ignoring unknown extended header keyword 'LIBARCHIVE.xattr.com.apple.provenance'
tar: Ignoring unknown extended header keyword 'LIBARCHIVE.xattr.com.apple.provenance'
tar: Ignoring unknown extended header keyword 'LIBARCHIVE.xattr.com.apple.provenance'
tar: Ignoring unknown extended header keyword 'LIBARCHIVE.xattr.com.apple.provenance'
tar: Ignoring unknown extended header keyword 'LIBARCHIVE.xattr.com.apple.provenance'
tar: Ignoring unknown extended header keyword 'LIBARCHIVE.xattr.com.apple.provenance'
tar: Ignoring unknown extended header keyword 'LIBARCHIVE.xattr.com.apple.provenance'
tar: Ignoring unknown extended header keyword 'LIBARCHIVE.xattr.com.apple.provenance'
tar: Ignoring unknown extended header keyword 'LIBARCHIVE.xattr.com.apple.provenance'
tar: Ignoring unknown extended header keyword 'LIBARCHIVE.xattr.com.apple.provenance'
tar: Ignoring unknown extended header keyword 'LIBARCHIVE.xattr.com.apple.provenance'
tar: Ignoring unknown extended header keyword 'LIBARCHIVE.xattr.com.apple.provenance'
tar: Ignoring unknown extended header keyword 'LIBARCHIVE.xattr.com.apple.provenance'
tar: Ignoring unknown extended header keyword 'LIBARCHIVE.xattr.com.apple.provenance'
tar: Ignoring unknown extended header keyword 'LIBARCHIVE.xattr.com.apple.provenance'
tar: Ignoring unknown extended header keyword 'LIBARCHIVE.xattr.com.apple.provenance'
tar: Ignoring unknown extended header keyword 'LIBARCHIVE.xattr.com.apple.provenance'
tar: Ignoring unknown extended header keyword 'LIBARCHIVE.xattr.com.apple.provenance'
tar: Ignoring unknown extended header keyword 'LIBARCHIVE.xattr.com.apple.provenance'
tar: Ignoring unknown extended header keyword 'LIBARCHIVE.xattr.com.apple.provenance'
tar: Ignoring unknown extended header keyword 'LIBARCHIVE.xattr.com.apple.provenance'
tar: Ignoring unknown extended header keyword 'LIBARCHIVE.xattr.com.apple.provenance'
tar: Ignoring unknown extended header keyword 'LIBARCHIVE.xattr.com.apple.provenance'
tar: Ignoring unknown extended header keyword 'LIBARCHIVE.xattr.com.apple.provenance'
tar: Ignoring unknown extended header keyword 'LIBARCHIVE.xattr.com.apple.provenance'
tar: Ignoring unknown extended header keyword 'LIBARCHIVE.xattr.com.apple.provenance'
tar: Ignoring unknown extended header keyword 'LIBARCHIVE.xattr.com.apple.provenance'
tar: Ignoring unknown extended header keyword 'LIBARCHIVE.xattr.com.apple.provenance'
tar: Ignoring unknown extended header keyword 'LIBARCHIVE.xattr.com.apple.provenance'
tar: Ignoring unknown extended header keyword 'LIBARCHIVE.xattr.com.apple.provenance'
tar: Ignoring unknown extended header keyword 'LIBARCHIVE.xattr.com.apple.provenance'
tar: Ignoring unknown extended header keyword 'LIBARCHIVE.xattr.com.apple.provenance'
tar: Ignoring unknown extended header keyword 'LIBARCHIVE.xattr.com.apple.provenance'
tar: Ignoring unknown extended header keyword 'LIBARCHIVE.xattr.com.apple.provenance'
tar: Ignoring unknown extended header keyword 'LIBARCHIVE.xattr.com.apple.provenance'
tar: Ignoring unknown extended header keyword 'LIBARCHIVE.xattr.com.apple.provenance'
tar: Ignoring unknown extended header keyword 'LIBARCHIVE.xattr.com.apple.provenance'
tar: Ignoring unknown extended header keyword 'LIBARCHIVE.xattr.com.apple.provenance'
tar: Ignoring unknown extended header keyword 'LIBARCHIVE.xattr.com.apple.provenance'
tar: Ignoring unknown extended header keyword 'LIBARCHIVE.xattr.com.apple.provenance'
tar: Ignoring unknown extended header keyword 'LIBARCHIVE.xattr.com.apple.provenance'
tar: Ignoring unknown extended header keyword 'LIBARCHIVE.xattr.com.apple.provenance'
tar: Ignoring unknown extended header keyword 'LIBARCHIVE.xattr.com.apple.provenance'
tar: Ignoring unknown extended header keyword 'LIBARCHIVE.xattr.com.apple.provenance'
tar: Ignoring unknown extended header keyword 'LIBARCHIVE.xattr.com.apple.provenance'
tar: Ignoring unknown extended header keyword 'LIBARCHIVE.xattr.com.apple.provenance'
tar: Ignoring unknown extended header keyword 'LIBARCHIVE.xattr.com.apple.provenance'
tar: Ignoring unknown extended header keyword 'LIBARCHIVE.xattr.com.apple.provenance'
tar: Ignoring unknown extended header keyword 'LIBARCHIVE.xattr.com.apple.provenance'
tar: Ignoring unknown extended header keyword 'LIBARCHIVE.xattr.com.apple.provenance'
tar: Ignoring unknown extended header keyword 'LIBARCHIVE.xattr.com.apple.provenance'
tar: Ignoring unknown extended header keyword 'LIBARCHIVE.xattr.com.apple.provenance'
tar: Ignoring unknown extended header keyword 'LIBARCHIVE.xattr.com.apple.provenance'
tar: Ignoring unknown extended header keyword 'LIBARCHIVE.xattr.com.apple.provenance'
tar: Ignoring unknown extended header keyword 'LIBARCHIVE.xattr.com.apple.provenance'
tar: Ignoring unknown extended header keyword 'LIBARCHIVE.xattr.com.apple.provenance'
tar: Ignoring unknown extended header keyword 'LIBARCHIVE.xattr.com.apple.provenance'
tar: Ignoring unknown extended header keyword 'LIBARCHIVE.xattr.com.apple.provenance'
tar: Ignoring unknown extended header keyword 'LIBARCHIVE.xattr.com.apple.provenance'
tar: Ignoring unknown extended header keyword 'LIBARCHIVE.xattr.com.apple.provenance'
tar: Ignoring unknown extended header keyword 'LIBARCHIVE.xattr.com.apple.provenance'
tar: Ignoring unknown extended header keyword 'LIBARCHIVE.xattr.com.apple.provenance'
tar: Ignoring unknown extended header keyword 'LIBARCHIVE.xattr.com.apple.provenance'
tar: Ignoring unknown extended header keyword 'LIBARCHIVE.xattr.com.apple.provenance'
tar: Ignoring unknown extended header keyword 'LIBARCHIVE.xattr.com.apple.provenance'
tar: Ignoring unknown extended header keyword 'LIBARCHIVE.xattr.com.apple.provenance'
tar: Ignoring unknown extended header keyword 'LIBARCHIVE.xattr.com.apple.provenance'
tar: Ignoring unknown extended header keyword 'LIBARCHIVE.xattr.com.apple.provenance'
tar: Ignoring unknown extended header keyword 'LIBARCHIVE.xattr.com.apple.provenance'
tar: Ignoring unknown extended header keyword 'LIBARCHIVE.xattr.com.apple.provenance'
tar: Ignoring unknown extended header keyword 'LIBARCHIVE.xattr.com.apple.provenance'
tar: Ignoring unknown extended header keyword 'LIBARCHIVE.xattr.com.apple.provenance'
tar: Ignoring unknown extended header keyword 'LIBARCHIVE.xattr.com.apple.provenance'
tar: Ignoring unknown extended header keyword 'LIBARCHIVE.xattr.com.apple.provenance'
tar: Ignoring unknown extended header keyword 'LIBARCHIVE.xattr.com.apple.provenance'
tar: Ignoring unknown extended header keyword 'LIBARCHIVE.xattr.com.apple.provenance'
tar: Ignoring unknown extended header keyword 'LIBARCHIVE.xattr.com.apple.provenance'
tar: Ignoring unknown extended header keyword 'LIBARCHIVE.xattr.com.apple.provenance'
tar: Ignoring unknown extended header keyword 'LIBARCHIVE.xattr.com.apple.provenance'
tar: Ignoring unknown extended header keyword 'LIBARCHIVE.xattr.com.apple.provenance'
tar: Ignoring unknown extended header keyword 'LIBARCHIVE.xattr.com.apple.provenance'
tar: Ignoring unknown extended header keyword 'LIBARCHIVE.xattr.com.apple.provenance'
tar: Ignoring unknown extended header keyword 'LIBARCHIVE.xattr.com.apple.provenance'
tar: Ignoring unknown extended header keyword 'LIBARCHIVE.xattr.com.apple.provenance'
tar: Ignoring unknown extended header keyword 'LIBARCHIVE.xattr.com.apple.provenance'
tar: Ignoring unknown extended header keyword 'LIBARCHIVE.xattr.com.apple.provenance'
tar: Ignoring unknown extended header keyword 'LIBARCHIVE.xattr.com.apple.provenance'
tar: Ignoring unknown extended header keyword 'LIBARCHIVE.xattr.com.apple.provenance'
tar: Ignoring unknown extended header keyword 'LIBARCHIVE.xattr.com.apple.provenance'
tar: Ignoring unknown extended header keyword 'LIBARCHIVE.xattr.com.apple.provenance'
tar: Ignoring unknown extended header keyword 'LIBARCHIVE.xattr.com.apple.provenance'
tar: Ignoring unknown extended header keyword 'LIBARCHIVE.xattr.com.apple.provenance'
tar: Ignoring unknown extended header keyword 'LIBARCHIVE.xattr.com.apple.provenance'
tar: Ignoring unknown extended header keyword 'LIBARCHIVE.xattr.com.apple.provenance'
tar: Ignoring unknown extended header keyword 'LIBARCHIVE.xattr.com.apple.provenance'
tar: Ignoring unknown extended header keyword 'LIBARCHIVE.xattr.com.apple.provenance'
tar: Ignoring unknown extended header keyword 'LIBARCHIVE.xattr.com.apple.provenance'
tar: Ignoring unknown extended header keyword 'LIBARCHIVE.xattr.com.apple.provenance'
tar: Ignoring unknown extended header keyword 'LIBARCHIVE.xattr.com.apple.provenance'
tar: Ignoring unknown extended header keyword 'LIBARCHIVE.xattr.com.apple.provenance'
tar: Ignoring unknown extended header keyword 'LIBARCHIVE.xattr.com.apple.provenance'
tar: Ignoring unknown extended header keyword 'LIBARCHIVE.xattr.com.apple.provenance'
tar: Ignoring unknown extended header keyword 'LIBARCHIVE.xattr.com.apple.provenance'
tar: Ignoring unknown extended header keyword 'LIBARCHIVE.xattr.com.apple.provenance'
tar: Ignoring unknown extended header keyword 'LIBARCHIVE.xattr.com.apple.provenance'
tar: Ignoring unknown extended header keyword 'LIBARCHIVE.xattr.com.apple.provenance'
tar: Ignoring unknown extended header keyword 'LIBARCHIVE.xattr.com.apple.provenance'
tar: Ignoring unknown extended header keyword 'LIBARCHIVE.xattr.com.apple.provenance'
tar: Ignoring unknown extended header keyword 'LIBARCHIVE.xattr.com.apple.provenance'
tar: Ignoring unknown extended header keyword 'LIBARCHIVE.xattr.com.apple.provenance'
tar: Ignoring unknown extended header keyword 'LIBARCHIVE.xattr.com.apple.provenance'
tar: Ignoring unknown extended header keyword 'LIBARCHIVE.xattr.com.apple.provenance'
tar: Ignoring unknown extended header keyword 'LIBARCHIVE.xattr.com.apple.provenance'
tar: Ignoring unknown extended header keyword 'LIBARCHIVE.xattr.com.apple.provenance'
tar: Ignoring unknown extended header keyword 'LIBARCHIVE.xattr.com.apple.provenance'
tar: Ignoring unknown extended header keyword 'LIBARCHIVE.xattr.com.apple.provenance'
tar: Ignoring unknown extended header keyword 'LIBARCHIVE.xattr.com.apple.provenance'
tar: Ignoring unknown extended header keyword 'LIBARCHIVE.xattr.com.apple.provenance'
tar: Ignoring unknown extended header keyword 'LIBARCHIVE.xattr.com.apple.provenance'
tar: Ignoring unknown extended header keyword 'LIBARCHIVE.xattr.com.apple.provenance'
tar: Ignoring unknown extended header keyword 'LIBARCHIVE.xattr.com.apple.provenance'
tar: Ignoring unknown extended header keyword 'LIBARCHIVE.xattr.com.apple.provenance'
tar: Ignoring unknown extended header keyword 'LIBARCHIVE.xattr.com.apple.provenance'
tar: Ignoring unknown extended header keyword 'LIBARCHIVE.xattr.com.apple.provenance'
tar: Ignoring unknown extended header keyword 'LIBARCHIVE.xattr.com.apple.provenance'
tar: Ignoring unknown extended header keyword 'LIBARCHIVE.xattr.com.apple.provenance'
tar: Ignoring unknown extended header keyword 'LIBARCHIVE.xattr.com.apple.provenance'
tar: Ignoring unknown extended header keyword 'LIBARCHIVE.xattr.com.apple.provenance'
tar: Ignoring unknown extended header keyword 'LIBARCHIVE.xattr.com.apple.provenance'
tar: Ignoring unknown extended header keyword 'LIBARCHIVE.xattr.com.apple.provenance'
tar: Ignoring unknown extended header keyword 'LIBARCHIVE.xattr.com.apple.provenance'
tar: Ignoring unknown extended header keyword 'LIBARCHIVE.xattr.com.apple.provenance'
tar: Ignoring unknown extended header keyword 'LIBARCHIVE.xattr.com.apple.provenance'
tar: Ignoring unknown extended header keyword 'LIBARCHIVE.xattr.com.apple.provenance'
tar: Ignoring unknown extended header keyword 'LIBARCHIVE.xattr.com.apple.provenance'
tar: Ignoring unknown extended header keyword 'LIBARCHIVE.xattr.com.apple.provenance'
tar: Ignoring unknown extended header keyword 'LIBARCHIVE.xattr.com.apple.provenance'
tar: Ignoring unknown extended header keyword 'LIBARCHIVE.xattr.com.apple.provenance'
tar: Ignoring unknown extended header keyword 'LIBARCHIVE.xattr.com.apple.provenance'
tar: Ignoring unknown extended header keyword 'LIBARCHIVE.xattr.com.apple.provenance'
tar: Ignoring unknown extended header keyword 'LIBARCHIVE.xattr.com.apple.provenance'
tar: Ignoring unknown extended header keyword 'LIBARCHIVE.xattr.com.apple.provenance'
tar: Ignoring unknown extended header keyword 'LIBARCHIVE.xattr.com.apple.provenance'
tar: Ignoring unknown extended header keyword 'LIBARCHIVE.xattr.com.apple.provenance'
tar: Ignoring unknown extended header keyword 'LIBARCHIVE.xattr.com.apple.provenance'
tar: Ignoring unknown extended header keyword 'LIBARCHIVE.xattr.com.apple.provenance'
tar: Ignoring unknown extended header keyword 'LIBARCHIVE.xattr.com.apple.provenance'
tar: Ignoring unknown extended header keyword 'LIBARCHIVE.xattr.com.apple.provenance'
tar: Ignoring unknown extended header keyword 'LIBARCHIVE.xattr.com.apple.provenance'
tar: Ignoring unknown extended header keyword 'LIBARCHIVE.xattr.com.apple.provenance'
tar: Ignoring unknown extended header keyword 'LIBARCHIVE.xattr.com.apple.provenance'
tar: Ignoring unknown extended header keyword 'LIBARCHIVE.xattr.com.apple.provenance'
tar: Ignoring unknown extended header keyword 'LIBARCHIVE.xattr.com.apple.provenance'
tar: Ignoring unknown extended header keyword 'LIBARCHIVE.xattr.com.apple.provenance'
tar: Ignoring unknown extended header keyword 'LIBARCHIVE.xattr.com.apple.provenance'
tar: Ignoring unknown extended header keyword 'LIBARCHIVE.xattr.com.apple.provenance'
tar: Ignoring unknown extended header keyword 'LIBARCHIVE.xattr.com.apple.provenance'
tar: Ignoring unknown extended header keyword 'LIBARCHIVE.xattr.com.apple.provenance'
tar: Ignoring unknown extended header keyword 'LIBARCHIVE.xattr.com.apple.provenance'
tar: Ignoring unknown extended header keyword 'LIBARCHIVE.xattr.com.apple.provenance'
tar: Ignoring unknown extended header keyword 'LIBARCHIVE.xattr.com.apple.provenance'
tar: Ignoring unknown extended header keyword 'LIBARCHIVE.xattr.com.apple.provenance'
tar: Ignoring unknown extended header keyword 'LIBARCHIVE.xattr.com.apple.provenance'
tar: Ignoring unknown extended header keyword 'LIBARCHIVE.xattr.com.apple.provenance'
tar: Ignoring unknown extended header keyword 'LIBARCHIVE.xattr.com.apple.provenance'
tar: Ignoring unknown extended header keyword 'LIBARCHIVE.xattr.com.apple.provenance'
tar: Ignoring unknown extended header keyword 'LIBARCHIVE.xattr.com.apple.provenance'
tar: Ignoring unknown extended header keyword 'LIBARCHIVE.xattr.com.apple.provenance'
tar: Ignoring unknown extended header keyword 'LIBARCHIVE.xattr.com.apple.provenance'
tar: Ignoring unknown extended header keyword 'LIBARCHIVE.xattr.com.apple.provenance'
tar: Ignoring unknown extended header keyword 'LIBARCHIVE.xattr.com.apple.provenance'
tar: Ignoring unknown extended header keyword 'LIBARCHIVE.xattr.com.apple.provenance'
tar: Ignoring unknown extended header keyword 'LIBARCHIVE.xattr.com.apple.provenance'
tar: Ignoring unknown extended header keyword 'LIBARCHIVE.xattr.com.apple.provenance'
tar: Ignoring unknown extended header keyword 'LIBARCHIVE.xattr.com.apple.provenance'
tar: Ignoring unknown extended header keyword 'LIBARCHIVE.xattr.com.apple.provenance'
tar: Ignoring unknown extended header keyword 'LIBARCHIVE.xattr.com.apple.provenance'
tar: Ignoring unknown extended header keyword 'LIBARCHIVE.xattr.com.apple.provenance'
tar: Ignoring unknown extended header keyword 'LIBARCHIVE.xattr.com.apple.provenance'
tar: Ignoring unknown extended header keyword 'LIBARCHIVE.xattr.com.apple.provenance'
tar: Ignoring unknown extended header keyword 'LIBARCHIVE.xattr.com.apple.provenance'
tar: Ignoring unknown extended header keyword 'LIBARCHIVE.xattr.com.apple.provenance'
tar: Ignoring unknown extended header keyword 'LIBARCHIVE.xattr.com.apple.provenance'
tar: Ignoring unknown extended header keyword 'LIBARCHIVE.xattr.com.apple.provenance'
tar: Ignoring unknown extended header keyword 'LIBARCHIVE.xattr.com.apple.provenance'
tar: Ignoring unknown extended header keyword 'LIBARCHIVE.xattr.com.apple.provenance'
tar: Ignoring unknown extended header keyword 'LIBARCHIVE.xattr.com.apple.provenance'
tar: Ignoring unknown extended header keyword 'LIBARCHIVE.xattr.com.apple.provenance'
tar: Ignoring unknown extended header keyword 'LIBARCHIVE.xattr.com.apple.provenance'
tar: Ignoring unknown extended header keyword 'LIBARCHIVE.xattr.com.apple.provenance'
tar: Ignoring unknown extended header keyword 'LIBARCHIVE.xattr.com.apple.provenance'
tar: Ignoring unknown extended header keyword 'LIBARCHIVE.xattr.com.apple.provenance'
tar: Ignoring unknown extended header keyword 'LIBARCHIVE.xattr.com.apple.provenance'
tar: Ignoring unknown extended header keyword 'LIBARCHIVE.xattr.com.apple.provenance'
export CARGO_HOME=/tmp/RtmpzUtmvu/R.INSTALL9986e4a7ed7/polyglotSQL/src/.cargo && \
export PATH="/usr/local/sbin:/usr/local/bin:/usr/sbin:/usr/bin:/sbin:/bin:/github/home/.cargo/bin" && \
RUSTFLAGS=" --print=native-static-libs" cargo build -j 2 --offline --lib --release --manifest-path=./rust/Cargo.toml --target-dir ./rust/target 
   Compiling proc-macro2 v1.0.107
   Compiling unicode-ident v1.0.24
   Compiling quote v1.0.47
   Compiling shlex v2.0.1
   Compiling object v0.37.3
   Compiling find-msvc-tools v0.1.9
   Compiling cc v1.3.0
   Compiling memchr v2.8.3
   Compiling syn v2.0.119
   Compiling ar_archive_writer v0.5.2
   Compiling syn v3.0.0
   Compiling serde_core v1.0.229
   Compiling psm v0.1.31
   Compiling extendr-ffi v0.9.0
   Compiling libc v0.2.186
   Compiling zmij v1.0.23
   Compiling stacker v0.1.24
   Compiling paste v1.0.15
   Compiling serde v1.0.229
   Compiling thiserror v1.0.69
   Compiling serde_json v1.0.150
   Compiling serde_derive v1.0.229
   Compiling thiserror-impl v1.0.69
   Compiling itoa v1.0.18
   Compiling cfg-if v1.0.4
   Compiling lazy_static v1.5.0
   Compiling extendr-api v0.9.0
   Compiling extendr-macros v0.9.0
   Compiling readonly v0.2.14
   Compiling polyglot-sql-ast-derive v0.12.0
   Compiling polyglotsql v0.1.0 (/tmp/RtmpzUtmvu/R.INSTALL9986e4a7ed7/polyglotSQL/src/rust)
   Compiling unicode-segmentation v1.13.3
   Compiling once_cell v1.21.4
   Compiling polyglot-sql v0.12.0
error: could not compile `polyglot-sql` (lib)

Caused by:
  process didn't exit successfully: `rustc --crate-name polyglot_sql --edition=2021 /tmp/RtmpzUtmvu/R.INSTALL9986e4a7ed7/polyglotSQL/src/vendor/polyglot-sql/src/lib.rs --error-format=json --json=diagnostic-rendered-ansi,artifacts,future-incompat --crate-type lib --emit=dep-info,metadata,link -C opt-level=3 -C codegen-units=1 --cfg 'feature="all-dialects"' --cfg 'feature="ast-tools"' --cfg 'feature="dialect-athena"' --cfg 'feature="dialect-bigquery"' --cfg 'feature="dialect-clickhouse"' --cfg 'feature="dialect-cockroachdb"' --cfg 'feature="dialect-databricks"' --cfg 'feature="dialect-datafusion"' --cfg 'feature="dialect-doris"' --cfg 'feature="dialect-dremio"' --cfg 'feature="dialect-drill"' --cfg 'feature="dialect-druid"' --cfg 'feature="dialect-duckdb"' --cfg 'feature="dialect-dune"' --cfg 'feature="dialect-exasol"' --cfg 'feature="dialect-fabric"' --cfg 'feature="dialect-hive"' --cfg 'feature="dialect-materialize"' --cfg 'feature="dialect-mysql"' --cfg 'feature="dialect-oracle"' --cfg 'feature="dialect-postgresql"' --cfg 'feature="dialect-presto"' --cfg 'feature="dialect-redshift"' --cfg 'feature="dialect-risingwave"' --cfg 'feature="dialect-singlestore"' --cfg 'feature="dialect-snowflake"' --cfg 'feature="dialect-solr"' --cfg 'feature="dialect-spark"' --cfg 'feature="dialect-sqlite"' --cfg 'feature="dialect-starrocks"' --cfg 'feature="dialect-tableau"' --cfg 'feature="dialect-teradata"' --cfg 'feature="dialect-tidb"' --cfg 'feature="dialect-trino"' --cfg 'feature="dialect-tsql"' --cfg 'feature="diff"' --cfg 'feature="generate"' --cfg 'feature="openlineage"' --cfg 'feature="semantic"' --cfg 'feature="stacker"' --cfg 'feature="transpile"' --check-cfg 'cfg(docsrs,test)' --check-cfg 'cfg(feature, values("all-dialects", "ast-tools", "bindings", "builder", "default", "dialect-athena", "dialect-bigquery", "dialect-clickhouse", "dialect-cockroachdb", "dialect-databricks", "dialect-datafusion", "dialect-doris", "dialect-dremio", "dialect-drill", "dialect-druid", "dialect-duckdb", "dialect-dune", "dialect-exasol", "dialect-fabric", "dialect-hive", "dialect-materialize", "dialect-mysql", "dialect-oracle", "dialect-postgresql", "dialect-presto", "dialect-redshift", "dialect-risingwave", "dialect-singlestore", "dialect-snowflake", "dialect-solr", "dialect-spark", "dialect-sqlite", "dialect-starrocks", "dialect-tableau", "dialect-teradata", "dialect-tidb", "dialect-trino", "dialect-tsql", "diff", "function-catalog-all-dialects", "function-catalog-clickhouse", "function-catalog-duckdb", "generate", "openlineage", "planner", "semantic", "stacker", "time", "transpile"))' -C metadata=ca7762f7c49c9b76 -C extra-filename=-ec98bfe6d455161f --out-dir /tmp/RtmpzUtmvu/R.INSTALL9986e4a7ed7/polyglotSQL/src/./rust/target/release/deps -C strip=debuginfo -L dependency=/tmp/RtmpzUtmvu/R.INSTALL9986e4a7ed7/polyglotSQL/src/./rust/target/release/deps --extern polyglot_sql_ast_derive=/tmp/RtmpzUtmvu/R.INSTALL9986e4a7ed7/polyglotSQL/src/./rust/target/release/deps/libpolyglot_sql_ast_derive-4f126d3ca36cef9c.so --extern serde=/tmp/RtmpzUtmvu/R.INSTALL9986e4a7ed7/polyglotSQL/src/./rust/target/release/deps/libserde-1cdc8298d417af22.rmeta --extern serde_json=/tmp/RtmpzUtmvu/R.INSTALL9986e4a7ed7/polyglotSQL/src/./rust/target/release/deps/libserde_json-5c357089f9338e0c.rmeta --extern stacker=/tmp/RtmpzUtmvu/R.INSTALL9986e4a7ed7/polyglotSQL/src/./rust/target/release/deps/libstacker-d95cabb58832ec80.rmeta --extern thiserror=/tmp/RtmpzUtmvu/R.INSTALL9986e4a7ed7/polyglotSQL/src/./rust/target/release/deps/libthiserror-7596eada6bd32dbd.rmeta --extern unicode_segmentation=/tmp/RtmpzUtmvu/R.INSTALL9986e4a7ed7/polyglotSQL/src/./rust/target/release/deps/libunicode_segmentation-94458be9e75feb8d.rmeta --cap-lints allow --print=native-static-libs -L native=/tmp/RtmpzUtmvu/R.INSTALL9986e4a7ed7/polyglotSQL/src/./rust/target/release/build/psm-c1dd9bd167d6ca6c/out` (signal: 9, SIGKILL: kill)
make: *** [Makevars:27: rust/target/release/libpolyglotsql.a] Error 101
ERROR: compilation failed for package ‘polyglotSQL’
* removing ‘/__w/linux-arm64-checks/linux-arm64-checks/mylib/polyglotSQL’
